{
    "Media_2": {
        "FindMovies": {
            "REQUEST": "{}",
            "REQUEST_usage": "What genre do you want?",
            "OFFER": "{}",
            "OFFER_usage": "I found Body Double and CItizen Kane.",
            "REQ_MORE": "{}",
            "REQ_MORE_usage": "Can I do anything else for you?",
            "INFORM_COUNT": "{}",
            "INFORM_COUNT_usage": "I found 10 options, how about: Dr. Strangelove, A Madea Family FUneral, or Auntie Mame?",
            "CONFIRM": "{}",
            "CONFIRM_usage": "You want to rent Josie and the Pussycats with no subtitles. Is that right?",
            "NOTIFY_FAILURE": "{}",
            "NOTIFY_FAILURE_usage": "I regret to inform you that I haven't found any other movie. Would you need anything else/"
        },
        "RentMovie": {
            "INFORM": "{}",
            "INFORM_usage": "The movie costs $5, should be viewed within 3 days and your movie rental is successful.",
            "NOTIFY_SUCCESS": "{}",
            "NOTIFY_SUCCESS_usage": "The movie costs $5, should be viewed within 3 days and your movie rental is successful.",
            "GOODBYE": "{}",
            "GOODBYE_usage": "Have a great day.",
            "REQ_MORE": "{}",
            "REQ_MORE_usage": "Is there anything else I can help you with today?",
            "CONFIRM": "{}",
            "CONFIRM_usage": "You want to rent The Man Who Knew Too Much with Spanish subtitles. Is hat correct?",
            "NOTIFY_FAILURE": "{}",
            "NOTIFY_FAILURE_usage": "I was unable to rent the movie. Anything else?"
        }
    },
    "Music_1": {
        "LookupSong": {
            "OFFER": "{}",
            "OFFER_usage": "Do you like Adorn by Miguel from his album Kaleidoscope Dream.",
            "CONFIRM": "{}",
            "CONFIRM_usage": "You want to hear adorn on the TV, correct?",
            "INFORM_COUNT": "{}",
            "INFORM_COUNT_usage": "I found 10 song options. How about sorry by justin bieber on the album purpose?",
            "INFORM": "{}",
            "INFORM_usage": "It was released in 2018",
            "REQ_MORE": "{}",
            "REQ_MORE_usage": "May I further assist you?",
            "NOTIFY_FAILURE": "{}",
            "NOTIFY_FAILURE_usage": "Unfortunately I can't find anything else that matches your criteria. Would you like help with anything else?"
        },
        "PlaySong": {
            "NOTIFY_SUCCESS": "{}",
            "NOTIFY_SUCCESS_usage": "Okay enjoy your song.",
            "INFORM": "{}",
            "INFORM_usage": "Yes it is from 2012.",
            "GOODBYE": "{}",
            "GOODBYE_usage": "Have a great day then.",
            "CONFIRM": "{}",
            "CONFIRM_usage": "Please confirm: Play SOrry on the TV.",
            "REQ_MORE": "{}",
            "REQ_MORE_usage": "Can I help you with anything else?",
            "REQUEST": "{}",
            "REQUEST_usage": "Which song would you like to hear?"
        }
    },
    "Banks_2": {
        "CheckBalance": {
            "OFFER": "{}",
            "OFFER_usage": "Sure, your savings right now is at $9,789.20.",
            "REQUEST": "{}",
            "REQUEST_usage": "Which account do you want me to look at?",
            "CONFIRM": "{}",
            "CONFIRM_usage": "Okay, please confirm the following details: transfer $1,490 to Svetlana checking account from my savings account.",
            "REQ_MORE": "{}",
            "REQ_MORE_usage": "Can I help you with anything else?",
            "INFORM_COUNT": "{}",
            "INFORM_COUNT_usage": "I show 1 account for you. Your checking account has a current balance of $13,261.46.",
            "NOTIFY_FAILURE": "{}",
            "NOTIFY_FAILURE_usage": "I apologize, but I could not access your account. Could I assist you with something else?"
        },
        "TransferMoney": {
            "REQUEST": "{}",
            "REQUEST_usage": "How much and to whom?",
            "CONFIRM": "{}",
            "CONFIRM_usage": "Confirming a $30 transfer from savings to the checking account of Jasbir.",
            "INFORM": "{}",
            "INFORM_usage": "It is usually a 3 day process and the transfer has been processed.",
            "NOTIFY_SUCCESS": "{}",
            "NOTIFY_SUCCESS_usage": "It is usually a 3 day process and the transfer has been processed.",
            "REQ_MORE": "{}",
            "REQ_MORE_usage": "Is there anything else I can do for you?",
            "GOODBYE": "{}",
            "GOODBYE_usage": "Have a great day."
        }
    },
    "Weather_1": {
        "GetWeather": {
            "OFFER": "{}",
            "OFFER_usage": "Yes, an average temperature of 74 degrees Fahrenheit and a 13 percent possibility of precipitation.",
            "INFORM": "{}",
            "INFORM_usage": "You can expect 24 percent humidity and an average wind of 1 mph.",
            "GOODBYE": "{}",
            "GOODBYE_usage": "Thank you, have a great day.",
            "REQ_MORE": "{}",
            "REQ_MORE_usage": "Anything else I can help you with?",
            "REQUEST": "{}",
            "REQUEST_usage": "What city should I check the weather in?",
            "INFORM_COUNT": "{}",
            "INFORM_COUNT_usage": "1 result: the weather will be 81 degrees Fahrenheit with a 28 percent chance of rain.",
            "NOTIFY_FAILURE": "{}",
            "NOTIFY_FAILURE_usage": "Sorry, I could not comprehend you. Do you require further assistance?"
        }
    },
    "Services_4": {
        "FindProvider": {
            "REQUEST": "{}",
            "REQUEST_usage": "what city and what kind of therapist are you looking for",
            "OFFER": "{}",
            "OFFER_usage": "i found 2 family counselor in st. helena. what about ellsworth elizabeth",
            "INFORM_COUNT": "{}",
            "INFORM_COUNT_usage": "i found 2 family counselor in st. helena. what about ellsworth elizabeth",
            "INFORM": "{}",
            "INFORM_usage": "you can contact them on 650-299-4827",
            "REQ_MORE": "{}",
            "REQ_MORE_usage": "what else can i do for you",
            "NOTIFY_FAILURE": "{}",
            "NOTIFY_FAILURE_usage": "Unfortunately, I wasn't able to find any other therapists located in that area. Can I help you with anything else?",
            "CONFIRM": "{}",
            "CONFIRM_usage": "Can you confirm the details for me? You'd like an appointment with Cassie L. O'Brien at 3:30 pm on March 9th. Is that right?",
            "GOODBYE": "{}",
            "GOODBYE_usage": "Glad to be of help to you. Have a great day!"
        },
        "BookAppointment": {
            "CONFIRM": "{}",
            "CONFIRM_usage": "please confirm your appointment with becker hubert j on march 2nd at 11:45 am",
            "INFORM": "{}",
            "INFORM_usage": "their address is 1150 veterans boulevard. Becker hubert j is booked on your prefer time. what about march 2nd at 12 pm",
            "OFFER": "{}",
            "OFFER_usage": "their address is 1150 veterans boulevard. Becker hubert j is booked on your prefer time. what about march 2nd at 12 pm",
            "NOTIFY_FAILURE": "{}",
            "NOTIFY_FAILURE_usage": "their address is 1150 veterans boulevard. Becker hubert j is booked on your prefer time. what about march 2nd at 12 pm",
            "REQ_MORE": "{}",
            "REQ_MORE_usage": "what else can i do for you",
            "GOODBYE": "{}",
            "GOODBYE_usage": "have a nice day",
            "REQUEST": "{}",
            "REQUEST_usage": "Is there a specific time you want the reservation of the appointment to be made for?",
            "NOTIFY_SUCCESS": "{}",
            "NOTIFY_SUCCESS_usage": "Your requested reservation for an appointment has been made. An email should arrive to you soon confirming your reservation."
        }
    },
    "RentalCars_1": {
        "GetCarsAvailable": {
            "REQUEST": "{}",
            "REQUEST_usage": "Where and when do you want it from?",
            "OFFER": "{}",
            "OFFER_usage": "OK, there are 6 options including a standard Accord model that you can pickup at Fremont BART Station on March 6th",
            "INFORM_COUNT": "{}",
            "INFORM_COUNT_usage": "OK, there are 6 options including a standard Accord model that you can pickup at Fremont BART Station on March 6th",
            "INFORM": "{}",
            "INFORM_usage": "The total cost of your reservation is $56.",
            "REQ_MORE": "{}",
            "REQ_MORE_usage": "Is there something else I can help you with?",
            "CONFIRM": "{}",
            "CONFIRM_usage": "Please confirm you want to book a standard car from Union Station to be picked up on March 11th at 10:30 am and dropped off on March 13th.",
            "GOODBYE": "{}",
            "GOODBYE_usage": "Have a good day.",
            "NOTIFY_FAILURE": "{}",
            "NOTIFY_FAILURE_usage": "Sorry, there are no other cars available. Is there anything I can help you with?"
        },
        "ReserveCar": {
            "CONFIRM": "{}",
            "CONFIRM_usage": "Sure, so you want that compact car from March 1st 12:30 pm to March 7th from Fremont BART Station right?",
            "NOTIFY_SUCCESS": "{}",
            "NOTIFY_SUCCESS_usage": "Cool, it's booked then",
            "GOODBYE": "{}",
            "GOODBYE_usage": "Awesome, take care!",
            "INFORM": "{}",
            "INFORM_usage": "It's going to be $136.",
            "REQ_MORE": "{}",
            "REQ_MORE_usage": "Will you be needing my help with anything else?",
            "REQUEST": "{}",
            "REQUEST_usage": "What date do you want it?",
            "NOTIFY_FAILURE": "{}",
            "NOTIFY_FAILURE_usage": "I can't answer that for you, because I unfortunately could not reserve the car. Can I help you out with something else?",
            "OFFER": "{}",
            "OFFER_usage": "Sorry, tried in vain. Do you like to get a Prius from McCarran International Airport? It is available on March 3rd and you have to pay $117."
        }
    },
    "Homes_1": {
        "FindApartment": {
            "REQUEST": "{}",
            "REQUEST_usage": "OK, how many bedrooms?",
            "OFFER": "{}",
            "OFFER_usage": "OK, Granada Apartments at 41342 Roberts Avenue has a cool 2 bed 1 bath place for $2,750 a month",
            "INFORM_COUNT": "{}",
            "INFORM_COUNT_usage": "I found 3, including Mission Peaks at 1401 Red Hawk Circle that has 2 beds and 1 bath for $2,850 a month",
            "CONFIRM": "{}",
            "CONFIRM_usage": "To be clear: Visit to Alborada Apartments on March 9th.",
            "INFORM": "{}",
            "INFORM_usage": "The place does not allow pets and it is not furnished.",
            "GOODBYE": "{}",
            "GOODBYE_usage": "Have a nice day.",
            "REQ_MORE": "{}",
            "REQ_MORE_usage": "Can I do anything else?",
            "NOTIFY_FAILURE": "{}",
            "NOTIFY_FAILURE_usage": "I'm sorry, but unfortunately I can not find a suitable apartment. Can I help you with something else?"
        },
        "ScheduleVisit": {
            "CONFIRM": "{}",
            "CONFIRM_usage": "So a visit to Felson Management Corporation on March 3rd?",
            "INFORM": "{}",
            "INFORM_usage": "It's scheduled. No pets, sorry. And call them at 510-656-2303 if you want",
            "NOTIFY_SUCCESS": "{}",
            "NOTIFY_SUCCESS_usage": "It's scheduled. No pets, sorry. And call them at 510-656-2303 if you want",
            "REQUEST": "{}",
            "REQUEST_usage": "Will you be visiting the apartment on March 4th?",
            "GOODBYE": "{}",
            "GOODBYE_usage": "Have a good day.",
            "REQ_MORE": "{}",
            "REQ_MORE_usage": "Do you require further assistance?",
            "NOTIFY_FAILURE": "{}",
            "NOTIFY_FAILURE_usage": "Apologies I have to inform you that the appointment could not be made. Do you need any further assistance?"
        }
    },
    "Alarm_1": {
        "GetAlarms": {
            "OFFER": "{}",
            "OFFER_usage": "You have 2 alarms on now. There is one for 6 am to wake up.",
            "INFORM_COUNT": "{}",
            "INFORM_COUNT_usage": "You have 2 alarms on now. There is one for 6 am to wake up.",
            "REQUEST": "{}",
            "REQUEST_usage": "Yeah I can do that. What time shall I add it for?",
            "CONFIRM": "{}",
            "CONFIRM_usage": "Okay, just to check, are you happy for me to set up a new alarm for 4:30 pm called Leave for home?",
            "REQ_MORE": "{}",
            "REQ_MORE_usage": "Can I be of help with anything else today?",
            "GOODBYE": "{}",
            "GOODBYE_usage": "Thank you.",
            "NOTIFY_FAILURE": "{}",
            "NOTIFY_FAILURE_usage": "Unfortunately I have no alarms on your device. Shall I be of any other help?"
        },
        "AddAlarm": {
            "REQUEST": "{}",
            "REQUEST_usage": "What time do you want this alarm to be?",
            "CONFIRM": "{}",
            "CONFIRM_usage": "Okay, please confirm that you want to create a 4 pm alarm called cleaning.",
            "NOTIFY_SUCCESS": "{}",
            "NOTIFY_SUCCESS_usage": "I made the alarm successfully.",
            "REQ_MORE": "{}",
            "REQ_MORE_usage": "Do you need help with something else?",
            "GOODBYE": "{}",
            "GOODBYE_usage": "Thanks.",
            "NOTIFY_FAILURE": "{}",
            "NOTIFY_FAILURE_usage": "I was unable to set the alarm, unfortunately. Is there anything else that I can help you with?",
            "OFFER": "{}",
            "OFFER_usage": "Apologies, I wasn't able to set it. Do you prefer 5:15 pm and call it New Alarm?"
        }
    },
    "Hotels_4": {
        "SearchHotel": {
            "REQUEST": "{}",
            "REQUEST_usage": "Do you have any desired place to search for hotel.",
            "OFFER": "{}",
            "OFFER_usage": "Found a 5 star hotel named 45 Park Lane.",
            "INFORM": "{}",
            "INFORM_usage": "No smoking permission, they do not allow it.",
            "CONFIRM": "{}",
            "CONFIRM_usage": "Please confirm to book 1 room for 12 days in the hotel Abercorn House from today in London.",
            "INFORM_COUNT": "{}",
            "INFORM_COUNT_usage": "I found 2 hotels you may like. One hotel is called Shangri-la Hotel, Vancouver; it's a 5 star hotel.",
            "REQ_MORE": "{}",
            "REQ_MORE_usage": "Can I help you with anything else?",
            "GOODBYE": "{}",
            "GOODBYE_usage": "OK. You know where to find me.",
            "NOTIFY_FAILURE": "{}",
            "NOTIFY_FAILURE_usage": "I failed to find any other hotels that meet your requirements. Is there anything else that I can help you with?"
        },
        "ReserveHotel": {
            "NOTIFY_SUCCESS": "{}",
            "NOTIFY_SUCCESS_usage": "Your booking was successfully confirmed.",
            "INFORM": "{}",
            "INFORM_usage": "The address is 28-30 Bute Gardens.",
            "REQ_MORE": "{}",
            "REQ_MORE_usage": "Anything else you need?",
            "GOODBYE": "{}",
            "GOODBYE_usage": "Have a nice day.",
            "REQUEST": "{}",
            "REQUEST_usage": "How long do you need to stay there?",
            "CONFIRM": "{}",
            "CONFIRM_usage": "So you want me to confirm your check in tomorrow for 3 rooms for 12 days at the Alila Bangsar in Kuala Lumpur yes?",
            "NOTIFY_FAILURE": "{}",
            "NOTIFY_FAILURE_usage": "Oh dear! I couldn't book your hotel. So sorry about that. Can I help you out with anything else?"
        }
    },
    "Hotels_1": {
        "SearchHotel": {
            "REQUEST": "{}",
            "REQUEST_usage": "Okay, I will only search for hotels that have wifi, but before I begin my search I will need to know what city you would like me to search in.",
            "OFFER": "{}",
            "OFFER_usage": "I've found 10 hotels that match your criteria. How about the Best Western Plus Sutter House? It is a 1 star hotel.",
            "INFORM_COUNT": "{}",
            "INFORM_COUNT_usage": "I've found 10 hotels that match your criteria. How about the Best Western Plus Sutter House? It is a 1 star hotel.",
            "INFORM": "{}",
            "INFORM_usage": "Their phone number is +1 212-703-2001. The cost is $150 nightly.",
            "CONFIRM": "{}",
            "CONFIRM_usage": "I would like to confirm that next Wednesday, you would like to stay at the 11 Howard hotel in New York. You wanted 1 room and would like to stay for 3 days. Is that correct?",
            "REQ_MORE": "{}",
            "REQ_MORE_usage": "Is there something else I can help you with?",
            "GOODBYE": "{}",
            "GOODBYE_usage": "Have a nice day!"
        },
        "ReserveHotel": {
            "REQUEST": "{}",
            "REQUEST_usage": "Okay, when would you like to check in?",
            "CONFIRM": "{}",
            "CONFIRM_usage": "Okay. Please confirm the following: reserve 1 room for 3 days starting today at the Best Western Plus Sutter house in Sacramento.",
            "NOTIFY_SUCCESS": "{}",
            "NOTIFY_SUCCESS_usage": "Your reservation has successfully been made.",
            "INFORM": "{}",
            "INFORM_usage": "The address of the hotel is 1100 H street.",
            "REQ_MORE": "{}",
            "REQ_MORE_usage": "No problem. Will that be all?",
            "GOODBYE": "{}",
            "GOODBYE_usage": "Okay, enjoy your stay, and make sure to let me know if you need anything else.",
            "NOTIFY_FAILURE": "{}",
            "NOTIFY_FAILURE_usage": "Sorry, I could not find any rooms matching your requirements. Can I help with something else?"
        }
    },
    "Events_1": {
        "FindEvents": {
            "REQUEST": "{}",
            "REQUEST_usage": "What kind of event do you feel like going to? Music, sports, anything else? And where would you like me to look?",
            "OFFER": "{}",
            "OFFER_usage": "OF course! Well I've found 10, there's an Eagles Vs Cowboys game on March 14th at 8 pm. It's at the Lincoln Financial Field. How does that sound?",
            "INFORM_COUNT": "{}",
            "INFORM_COUNT_usage": "OF course! Well I've found 10, there's an Eagles Vs Cowboys game on March 14th at 8 pm. It's at the Lincoln Financial Field. How does that sound?",
            "GOODBYE": "{}",
            "GOODBYE_usage": "My pleasure, have a great day!",
            "REQ_MORE": "{}",
            "REQ_MORE_usage": "Do you need assistance with anything else?",
            "INFORM": "{}",
            "INFORM_usage": "Sure, The venue address is 1280 Peachtree Street Northeast, Shall i help you with anything more?",
            "CONFIRM": "{}",
            "CONFIRM_usage": "Ok, confirming 4 tickets for Amber Run Brooklyn on March 14th in New York.",
            "NOTIFY_FAILURE": "{}",
            "NOTIFY_FAILURE_usage": "I'm sorry that is the only Rock event on that date."
        },
        "BuyEventTickets": {
            "CONFIRM": "{}",
            "CONFIRM_usage": "You would like 3 tickets to see Fidlar in san diego on march 13th?",
            "INFORM": "{}",
            "INFORM_usage": "It is 2891 university avenue. I made the reservation. I hope you enjoy the show.",
            "NOTIFY_SUCCESS": "{}",
            "NOTIFY_SUCCESS_usage": "It is 2891 university avenue. I made the reservation. I hope you enjoy the show.",
            "REQ_MORE": "{}",
            "REQ_MORE_usage": "Would there be anything else?",
            "GOODBYE": "{}",
            "GOODBYE_usage": "Enjoy your day.",
            "REQUEST": "{}",
            "REQUEST_usage": "How many tickets do you need?",
            "NOTIFY_FAILURE": "{}",
            "NOTIFY_FAILURE_usage": "Unfortunately I was not able to reserve that ticket for you, is there anything you'd like?"
        }
    },
    "Restaurants_2": {
        "ReserveRestaurant": {
            "REQUEST": "{}",
            "REQUEST_usage": "What city do you want to dine in? Do you have a preferred restaurant?",
            "CONFIRM": "{}",
            "CONFIRM_usage": "Confirming: I will reserve a table for 2 people at Sino in San Jose. The reservation time is 11:30 am today.",
            "INFORM": "{}",
            "INFORM_usage": "Your reservation has been made. Their phone number is 408-247-8880.",
            "NOTIFY_SUCCESS": "{}",
            "NOTIFY_SUCCESS_usage": "Your reservation has been made. Their phone number is 408-247-8880.",
            "REQ_MORE": "{}",
            "REQ_MORE_usage": "Is there anything else I can help you with?",
            "GOODBYE": "{}",
            "GOODBYE_usage": "Have a great day.",
            "NOTIFY_FAILURE": "{}",
            "NOTIFY_FAILURE_usage": "My apologies. The reservation was unsuccessful. Is there anything else I can assist you with?",
            "OFFER": "{}",
            "OFFER_usage": "The reservation could not be made. Do you want to make a reservation for 1 person today at 11 am at Andes Cafe San Mateo?"
        },
        "FindRestaurants": {
            "REQUEST": "{}",
            "REQUEST_usage": "Sure. What type of food are you interested in and where should it be?",
            "OFFER": "{}",
            "OFFER_usage": "I've found 5 restaurants in San Francisco you may want to check out. The first is B Star, which is a very nice restaurant.",
            "INFORM_COUNT": "{}",
            "INFORM_COUNT_usage": "I've found 5 restaurants in San Francisco you may want to check out. The first is B Star, which is a very nice restaurant.",
            "CONFIRM": "{}",
            "CONFIRM_usage": "Book a table at Chili's Grill & Bar in Santa Clara at 7 pm today for 3 people.I'm right?",
            "INFORM": "{}",
            "INFORM_usage": "No, they do not.",
            "REQ_MORE": "{}",
            "REQ_MORE_usage": "Will there be anything else?",
            "NOTIFY_FAILURE": "{}",
            "NOTIFY_FAILURE_usage": "Sorry, I couldn't find a booking, what else can I try",
            "GOODBYE": "{}",
            "GOODBYE_usage": "No worries, enjoy your day!"
        }
    },
    "Flights_3": {
        "SearchOnewayFlight": {
            "REQUEST": "{}",
            "REQUEST_usage": "Where and when do you intend to depart?",
            "OFFER": "{}",
            "OFFER_usage": "I managed to find 4 flights for you, one of which is an Air Canada flight with 1 layover and will depart at 4:20 am which will set you back $322.",
            "INFORM_COUNT": "{}",
            "INFORM_COUNT_usage": "I managed to find 4 flights for you, one of which is an Air Canada flight with 1 layover and will depart at 4:20 am which will set you back $322.",
            "REQ_MORE": "{}",
            "REQ_MORE_usage": "Could I further assist you?",
            "GOODBYE": "{}",
            "GOODBYE_usage": "Sure, have a great day ahead!",
            "INFORM": "{}",
            "INFORM_usage": "The flight arrives at 7:07 pm local time the same day.",
            "NOTIFY_FAILURE": "{}",
            "NOTIFY_FAILURE_usage": "Nope, nothing else. Can I do something more for you?"
        },
        "SearchRoundtripFlights": {
            "OFFER": "{}",
            "OFFER_usage": "I have 1 flight that I think you would like. How about Southwest Airlines? This flight leaves at 7:15 pm mand returns at 6:55 pm local time. It costs $485 per person.",
            "INFORM_COUNT": "{}",
            "INFORM_COUNT_usage": "I have 1 flight that I think you would like. How about Southwest Airlines? This flight leaves at 7:15 pm mand returns at 6:55 pm local time. It costs $485 per person.",
            "GOODBYE": "{}",
            "GOODBYE_usage": "Have an awesome day.",
            "REQUEST": "{}",
            "REQUEST_usage": "What day do you want your return to be?",
            "INFORM": "{}",
            "INFORM_usage": "It will arrive at Hartsfield-Jackson International Airport",
            "REQ_MORE": "{}",
            "REQ_MORE_usage": "Can I do anything else for you?"
        }
    },
    "RideSharing_1": {
        "GetRide": {
            "REQUEST": "{}",
            "REQUEST_usage": "How many people do you need? And is a shared right ok?",
            "CONFIRM": "{}",
            "CONFIRM_usage": "So please confirm that you need a shared cab for 1 person to Wang Wah yes?",
            "INFORM": "{}",
            "INFORM_usage": "It's gonna cost $11.08 and will take around 9 minutes. Your cab is on the way",
            "NOTIFY_SUCCESS": "{}",
            "NOTIFY_SUCCESS_usage": "It's gonna cost $11.08 and will take around 9 minutes. Your cab is on the way",
            "REQ_MORE": "{}",
            "REQ_MORE_usage": "Do you need anything else?",
            "GOODBYE": "{}",
            "GOODBYE_usage": "Enjoy your cab ride",
            "NOTIFY_FAILURE": "{}",
            "NOTIFY_FAILURE_usage": "I was unable to get you a ride, Is there anything else I can do for you."
        }
    },
    "Travel_1": {
        "FindAttractions": {
            "REQUEST": "{}",
            "REQUEST_usage": "Where are you right now?",
            "OFFER": "{}",
            "OFFER_usage": "There are 10 near you. But, why don't you look at 30 st Mary Axe (The Gherkin). It is really big and a historical landmark.",
            "INFORM_COUNT": "{}",
            "INFORM_COUNT_usage": "There are 10 near you. But, why don't you look at 30 st Mary Axe (The Gherkin). It is really big and a historical landmark.",
            "GOODBYE": "{}",
            "GOODBYE_usage": "Enjoy your visit.",
            "INFORM": "{}",
            "INFORM_usage": "Their phone number is 415-865-2000.",
            "REQ_MORE": "{}",
            "REQ_MORE_usage": "You're most welcome, will that be all?",
            "NOTIFY_FAILURE": "{}",
            "NOTIFY_FAILURE_usage": "I can't find anything else in Performing Arts Venues for you. Is there anything else I can look for?"
        }
    },
    "Movies_2": {
        "FindMovies": {
            "OFFER": "{}",
            "OFFER_usage": "I have found a movie called The last Dragon. It has an average rating of 6.9.",
            "REQ_MORE": "{}",
            "REQ_MORE_usage": "Do you need anything else?",
            "GOODBYE": "{}",
            "GOODBYE_usage": "Glad to be of assistance.",
            "INFORM_COUNT": "{}",
            "INFORM_COUNT_usage": "There are 10 movies. What do you think about Dr. Strangelove which has an average rating of 8.4",
            "INFORM": "{}",
            "INFORM_usage": "Stanley Kubrick is the director and the movie is Comedy genre",
            "NOTIFY_FAILURE": "{}",
            "NOTIFY_FAILURE_usage": "there are no other movies"
        }
    },
    "Buses_1": {
        "BuyBusTicket": {
            "REQUEST": "{}",
            "REQUEST_usage": "When are you leaving?",
            "CONFIRM": "{}",
            "CONFIRM_usage": "Please confirm, 2 bus tickets from San Diego to Fresno on March 8th on 10:30 am.",
            "NOTIFY_SUCCESS": "{}",
            "NOTIFY_SUCCESS_usage": "Your tickets are confirmed.",
            "INFORM": "{}",
            "INFORM_usage": "It's going to Downtown Station. I was unable to buy the ticket. Does the bus leaving at 4:30 pm work? It costs $42.",
            "OFFER": "{}",
            "OFFER_usage": "It's going to Downtown Station. I was unable to buy the ticket. Does the bus leaving at 4:30 pm work? It costs $42.",
            "NOTIFY_FAILURE": "{}",
            "NOTIFY_FAILURE_usage": "It's going to Downtown Station. I was unable to buy the ticket. Does the bus leaving at 4:30 pm work? It costs $42.",
            "REQ_MORE": "{}",
            "REQ_MORE_usage": "Sorry, I could not purchase that ticket, is there anything else I can do for you?",
            "GOODBYE": "{}",
            "GOODBYE_usage": "Have a nice day!"
        },
        "FindBus": {
            "REQUEST": "{}",
            "REQUEST_usage": "From where are you guys leaving?",
            "OFFER": "{}",
            "OFFER_usage": "There's a 7:20 am Bus with 0 transfers for $40.",
            "INFORM": "{}",
            "INFORM_usage": "It goes from Fresno Station to Union Plaza.",
            "INFORM_COUNT": "{}",
            "INFORM_COUNT_usage": "WHat about the 11 am bus that has 0 transfers for $58. If that doesn't work I have 6 other buses for you",
            "REQ_MORE": "{}",
            "REQ_MORE_usage": "Is there anything else i can do for you?",
            "CONFIRM": "{}",
            "CONFIRM_usage": "las vegas fresno march 9th 7:10 am 2 people",
            "GOODBYE": "{}",
            "GOODBYE_usage": "Enjoy your day."
        }
    },
    "Hotels_3": {
        "SearchHotel": {
            "OFFER": "{}",
            "OFFER_usage": "How about 1 Hotel Brooklyn Bridge with its 4.5 rating?",
            "CONFIRM": "{}",
            "CONFIRM_usage": "Just to make sure, you want a 2 room reservation at 11 Howard in New York with a check in for March 5th and checkout on March 8th.",
            "INFORM_COUNT": "{}",
            "INFORM_COUNT_usage": "I found 10. There's 1 Hotel Brooklyn Bridge with a 4.5 rating.",
            "REQUEST": "{}",
            "REQUEST_usage": "What dates do you want to check-in and check-out?",
            "REQ_MORE": "{}",
            "REQ_MORE_usage": "Is there anything else I can do to help?",
            "INFORM": "{}",
            "INFORM_usage": "The hotel phone number is +1 833-625-6111 and, yes, they welcome pets.",
            "GOODBYE": "{}",
            "GOODBYE_usage": "Have a wonderful day!"
        },
        "ReserveHotel": {
            "INFORM": "{}",
            "INFORM_usage": "Your reservation at 11 Howard Street is all set.",
            "NOTIFY_SUCCESS": "{}",
            "NOTIFY_SUCCESS_usage": "Your reservation at 11 Howard Street is all set.",
            "REQ_MORE": "{}",
            "REQ_MORE_usage": "Anything else I can help with?",
            "GOODBYE": "{}",
            "GOODBYE_usage": "Have a good one!",
            "REQUEST": "{}",
            "REQUEST_usage": "When do you expect to check in?",
            "CONFIRM": "{}",
            "CONFIRM_usage": "Okay, let me make sure. You want to book 3 rooms at 45 Park Lane in London starting March 4th and ending March 11th.",
            "NOTIFY_FAILURE": "{}",
            "NOTIFY_FAILURE_usage": "I'm sorry, but I can't find a room matching those requirements. Is there anything else I can do to help?"
        }
    },
    "Buses_2": {
        "BuyBusTicket": {
            "REQUEST": "{}",
            "REQUEST_usage": "Sure, i can help you. Where are you departing from?",
            "CONFIRM": "{}",
            "CONFIRM_usage": "Sure, please confirm leaving Anaheim on March 8th at 4:15 pm for 1 economy ticket for San Diego departure. Is this right?",
            "NOTIFY_FAILURE": "{}",
            "NOTIFY_FAILURE_usage": "I apologize I am unable to book your request. Can we try an different request?",
            "REQ_MORE": "{}",
            "REQ_MORE_usage": "I apologize I am unable to book your request. Can we try an different request?",
            "OFFER": "{}",
            "OFFER_usage": "I apologize i am unable to book that ticket, may I suggest the 5:30 pm bus, for $43?",
            "NOTIFY_SUCCESS": "{}",
            "NOTIFY_SUCCESS_usage": "Your bus ticket is confirmed.",
            "INFORM": "{}",
            "INFORM_usage": "It is the Santa Fe Depot. Unfortunately, your ticket purchase has been unsuccessful. There is a bus leaving at 2:10 pm with a ticket price of $42. Would that work for you?",
            "GOODBYE": "{}",
            "GOODBYE_usage": "Have a good day."
        },
        "FindBus": {
            "OFFER": "{}",
            "OFFER_usage": "Flexible offers a $42 ticket for a bus ride that leaves at 8:30 am.",
            "GOODBYE": "{}",
            "GOODBYE_usage": "Talk to you later!",
            "INFORM_COUNT": "{}",
            "INFORM_COUNT_usage": "There are 10 buses you might like. There is an Economy bus ticket that departs at 7 am. It has a price of $43.",
            "INFORM": "{}",
            "INFORM_usage": "It departs from Salesforce Transit Center and arrives to Union Station.",
            "REQ_MORE": "{}",
            "REQ_MORE_usage": "Is there anything else I can help you with?",
            "REQUEST": "{}",
            "REQUEST_usage": "Can you tell me when you want to leave? Will you be leaving on March 1st?",
            "CONFIRM": "{}",
            "CONFIRM_usage": "Okay sure. So to confirm: You would like to book 4 economy bus tickets from Philadelphia to New York leaving on March 7th at 8:30 am."
        }
    },
    "Banks_1": {
        "TransferMoney": {
            "REQUEST": "{}",
            "REQUEST_usage": "Certainly. How much is th etransfer and which account should I send it from",
            "CONFIRM": "{}",
            "CONFIRM_usage": "To confirm:You wish to send $860, from your checking account to the checking account belonging to Tom. Is this correct?",
            "NOTIFY_SUCCESS": "{}",
            "NOTIFY_SUCCESS_usage": "Your transfer is ocmplete.",
            "REQ_MORE": "{}",
            "REQ_MORE_usage": "Can I do anything else for you?"
        },
        "CheckBalance": {
            "REQUEST": "{}",
            "REQUEST_usage": "Sure. For what account?",
            "OFFER": "{}",
            "OFFER_usage": "You have a balance of $13,765.58 in your checking account.",
            "REQ_MORE": "{}",
            "REQ_MORE_usage": "Can I help you with anything else?",
            "INFORM_COUNT": "{}",
            "INFORM_COUNT_usage": "I found 1 savings account with a balance of $11,817.54.",
            "GOODBYE": "{}",
            "GOODBYE_usage": "Have a great day!",
            "NOTIFY_FAILURE": "{}",
            "NOTIFY_FAILURE_usage": "Unfortunately I couldn't access your account. Will you need anything else?",
            "CONFIRM": "{}",
            "CONFIRM_usage": "All right! Can you confirm the following details, please? You are transferring $1,290 from your checking account into the checking account of Xiaoxue."
        }
    },
    "Media_1": {
        "FindMovies": {
            "OFFER": "{}",
            "OFFER_usage": "Yes. There are 4 movies you may like. What about Breakthrough, JT LeRoy or Searching for Sugar Man?",
            "INFORM_COUNT": "{}",
            "INFORM_COUNT_usage": "Yes. There are 4 movies you may like. What about Breakthrough, JT LeRoy or Searching for Sugar Man?",
            "GOODBYE": "{}",
            "GOODBYE_usage": "Have a nice day.",
            "REQUEST": "{}",
            "REQUEST_usage": "What type of movies do you prefer?",
            "REQ_MORE": "{}",
            "REQ_MORE_usage": "Is there anything else I can help with?",
            "CONFIRM": "{}",
            "CONFIRM_usage": "how to train your dragon: The hidden world no subtitles",
            "NOTIFY_FAILURE": "{}",
            "NOTIFY_FAILURE_usage": "I couldn't find any other suitable movies. How else can I help you?"
        },
        "PlayMovie": {
            "CONFIRM": "{}",
            "CONFIRM_usage": "You would like to watch Dogman without subtitles. Is that correct?",
            "INFORM": "{}",
            "INFORM_usage": "It's a drama directed by Matteo Garrone. It will start now.",
            "NOTIFY_SUCCESS": "{}",
            "NOTIFY_SUCCESS_usage": "It's a drama directed by Matteo Garrone. It will start now.",
            "GOODBYE": "{}",
            "GOODBYE_usage": "Have a great day.",
            "REQUEST": "{}",
            "REQUEST_usage": "What movie would you like to watch?",
            "REQ_MORE": "{}",
            "REQ_MORE_usage": "Do you need any further assistance?",
            "NOTIFY_FAILURE": "{}",
            "NOTIFY_FAILURE_usage": "I could not play the film. Can I do anything else for you."
        }
    },
    "Music_2": {
        "PlayMedia": {
            "CONFIRM": "{}",
            "CONFIRM_usage": "You would like me to play Stitches on your bedroom speaker. Is that correct?",
            "INFORM": "{}",
            "INFORM_usage": "It's from Handwritten. It will start now.",
            "NOTIFY_SUCCESS": "{}",
            "NOTIFY_SUCCESS_usage": "It's from Handwritten. It will start now.",
            "REQUEST": "{}",
            "REQUEST_usage": "Sure, which song would you like me to play for you?",
            "REQ_MORE": "{}",
            "REQ_MORE_usage": "Can I help with anything else?",
            "GOODBYE": "{}",
            "GOODBYE_usage": "Have a good day!"
        },
        "LookupMusic": {
            "OFFER": "{}",
            "OFFER_usage": "I think I just found 1 song you'd like. What do you think about Glad You Came by The Wanted in their album Battleground?",
            "INFORM_COUNT": "{}",
            "INFORM_COUNT_usage": "I think I just found 1 song you'd like. What do you think about Glad You Came by The Wanted in their album Battleground?",
            "CONFIRM": "{}",
            "CONFIRM_usage": "Do you really want to play Glad You Came on kitchen speaker?",
            "INFORM": "{}",
            "INFORM_usage": "It's pop.",
            "REQ_MORE": "{}",
            "REQ_MORE_usage": "Is there anything else I can assist you with?",
            "NOTIFY_FAILURE": "{}",
            "NOTIFY_FAILURE_usage": "I couldn't find another song matching your query. Can I help with something else?"
        }
    },
    "Restaurants_1": {
        "FindRestaurants": {
            "REQUEST": "{}",
            "REQUEST_usage": "Where?",
            "OFFER": "{}",
            "OFFER_usage": "San Francisco has a good one called Alice's.",
            "INFORM": "{}",
            "INFORM_usage": "You can reach them at 415-282-8999 but there is no live music.",
            "CONFIRM": "{}",
            "CONFIRM_usage": "No problem. Please confirm the following information for me: Booking a table for 2 at 1760 in San Francisco for 5:15 pm on March 1st. Correct?",
            "INFORM_COUNT": "{}",
            "INFORM_COUNT_usage": "Okay! I've located 10 restaurants that might work for you. One of them, a nice one, is 2g Japanese Brasserie, in San Francisco.",
            "REQ_MORE": "{}",
            "REQ_MORE_usage": "Do you need more help?",
            "GOODBYE": "{}",
            "GOODBYE_usage": "Have a nice day.",
            "NOTIFY_FAILURE": "{}",
            "NOTIFY_FAILURE_usage": "There are no other places that meets your criteria. Do you need more help?"
        },
        "ReserveRestaurant": {
            "REQUEST": "{}",
            "REQUEST_usage": "What time?",
            "CONFIRM": "{}",
            "CONFIRM_usage": "I will book a table this March 1st for 2 at 5 pm in San Francisco at Alice's with your permission.",
            "NOTIFY_SUCCESS": "{}",
            "NOTIFY_SUCCESS_usage": "A table will be held for you.",
            "OFFER": "{}",
            "OFFER_usage": "I'm terribly sorry but I couldn't make the reservation for you at that time. How about a table for 2 at 1760 for 5 pm on March 1st instead?",
            "NOTIFY_FAILURE": "{}",
            "NOTIFY_FAILURE_usage": "I'm terribly sorry but I couldn't make the reservation for you at that time. How about a table for 2 at 1760 for 5 pm on March 1st instead?",
            "INFORM": "{}",
            "INFORM_usage": "I would say they are pretty expensive but the food is great. They do not have live music however.",
            "REQ_MORE": "{}",
            "REQ_MORE_usage": "I can't book your table, ask me anything else",
            "GOODBYE": "{}",
            "GOODBYE_usage": "Have a great day."
        }
    },
    "Calendar_1": {
        "AddEvent": {
            "REQUEST": "{}",
            "REQUEST_usage": "I need a name and time and if I am correct it is at 1599 Sanchez Street.",
            "CONFIRM": "{}",
            "CONFIRM_usage": "With your permission I will label your calendar Food this March 1st at 4:45 pm with a location of 1599 Sanchez Street.",
            "NOTIFY_SUCCESS": "{}",
            "NOTIFY_SUCCESS_usage": "Your schedule now reflects the event.",
            "REQ_MORE": "{}",
            "REQ_MORE_usage": "What else do you need?",
            "GOODBYE": "{}",
            "GOODBYE_usage": "Enjoy yourself today."
        },
        "GetAvailableTime": {
            "OFFER": "{}",
            "OFFER_usage": "You are free 2 pm to 9:30 pm on March 5th.",
            "REQ_MORE": "{}",
            "REQ_MORE_usage": "Can I do something else?",
            "INFORM_COUNT": "{}",
            "INFORM_COUNT_usage": "You have 1 chunk of spare time on March 5th, spanning from 2 pm to 10:30 pm.",
            "REQUEST": "{}",
            "REQUEST_usage": "in which date?",
            "GOODBYE": "{}",
            "GOODBYE_usage": "Take care Have a great day",
            "NOTIFY_FAILURE": "{}",
            "NOTIFY_FAILURE_usage": "Sorry you don't have any other available time? whether you need to find any other thing?",
            "CONFIRM": "{}",
            "CONFIRM_usage": "Let me review the details. You'd like me to schedule in the Chris Webby concert on March 13th at 12:30 pm. I will make a note that the event will be held at 2367 Shattuck Avenue."
        },
        "GetEvents": {
            "REQUEST": "{}",
            "REQUEST_usage": "It is a pleasure for me, Which date i need to check?",
            "OFFER": "{}",
            "OFFER_usage": "The event will start at 10 am and the event is Dentist appointment.",
            "REQ_MORE": "{}",
            "REQ_MORE_usage": "Is there anything else I can assist you with?",
            "INFORM_COUNT": "{}",
            "INFORM_COUNT_usage": "There are 3 events scheduled for you. The first one is Doctor appointment at 11 am.",
            "NOTIFY_FAILURE": "{}",
            "NOTIFY_FAILURE_usage": "You don't have any other event for that day. Can I assist you further?"
        }
    },
    "Flights_2": {
        "SearchOnewayFlight": {
            "REQUEST": "{}",
            "REQUEST_usage": "What date are you leaving?",
            "OFFER": "{}",
            "OFFER_usage": "An Alaska Airlines flight leaves at 8:20 pm and costs $88 with 0 stops.",
            "INFORM": "{}",
            "INFORM_usage": "It starts from Dulles International Airport and it is not an overnight flight.",
            "INFORM_COUNT": "{}",
            "INFORM_COUNT_usage": "There are 4 flights. How about Alaska Airlines that takes off at 7:30 am and also has 0 stops. The cost is $66",
            "REQ_MORE": "{}",
            "REQ_MORE_usage": "anything else i can help you with",
            "GOODBYE": "{}",
            "GOODBYE_usage": "Okay, take care.",
            "NOTIFY_FAILURE": "{}",
            "NOTIFY_FAILURE_usage": "Sorry, I couldn't find a flight. Is there anything else I can help you with?"
        },
        "SearchRoundtripFlights": {
            "REQUEST": "{}",
            "REQUEST_usage": "To return on March 10th?",
            "OFFER": "{}",
            "OFFER_usage": "I found 2 flights. How about this $317 Delta Airlines flight from 8:45 am to 2:50 am?",
            "INFORM_COUNT": "{}",
            "INFORM_COUNT_usage": "I found 2 flights. How about this $317 Delta Airlines flight from 8:45 am to 2:50 am?",
            "GOODBYE": "{}",
            "GOODBYE_usage": "Have a great day.",
            "REQ_MORE": "{}",
            "REQ_MORE_usage": "Is there anything else?",
            "INFORM": "{}",
            "INFORM_usage": "it has 1 stop",
            "NOTIFY_FAILURE": "{}",
            "NOTIFY_FAILURE_usage": "Sorry, I was not able to reserve seats on that flight. What else can I help you with?"
        }
    },
    "Flights_1": {
        "SearchOnewayFlight": {
            "REQUEST": "{}",
            "REQUEST_usage": "Which city are you going to be departing from?",
            "OFFER": "{}",
            "OFFER_usage": "At 5:35 PM there is a $66 flight through American Airlines that only has 0 stops.",
            "INFORM_COUNT": "{}",
            "INFORM_COUNT_usage": "There are 4 possible flights you might like. There is an Alaska Airlines flight that takes off at 7:10 pm and has 0 stops. It has a price of $103.",
            "INFORM": "{}",
            "INFORM_usage": "The flight arrives at 10:33 am.",
            "CONFIRM": "{}",
            "CONFIRM_usage": "Please can you confirm me that you wish to book 4 tickets in Economy class to fly to Las Vegas from Los Angeles in Alaska Airlines on March 2nd, right?",
            "REQ_MORE": "{}",
            "REQ_MORE_usage": "Can I help with something else?",
            "NOTIFY_FAILURE": "{}",
            "NOTIFY_FAILURE_usage": "No there is none. Would you like me to assist you with something esle?",
            "GOODBYE": "{}",
            "GOODBYE_usage": "Have a great day."
        },
        "ReserveOnewayFlight": {
            "CONFIRM": "{}",
            "CONFIRM_usage": "Would you confirm for me that you are leaving Philadelphia on Delta Airlines flight to New York on March 11th, and that you want 1 seat and you want to travel Economy?",
            "NOTIFY_SUCCESS": "{}",
            "NOTIFY_SUCCESS_usage": "Congratulations, your ticket has been purchased.",
            "INFORM": "{}",
            "INFORM_usage": "The ticket has been booked. It departs from SFO International Airport.",
            "REQ_MORE": "{}",
            "REQ_MORE_usage": "Is there something else I can help you with?",
            "GOODBYE": "{}",
            "GOODBYE_usage": "Enjoy your day.",
            "NOTIFY_FAILURE": "{}",
            "NOTIFY_FAILURE_usage": "Sorry, but I wasn't able to book the ticket for you. Is there anything else you need help with?",
            "REQUEST": "{}",
            "REQUEST_usage": "Where are you going?"
        },
        "SearchRoundtripFlights": {
            "REQUEST": "{}",
            "REQUEST_usage": "What day will you be returning?",
            "OFFER": "{}",
            "OFFER_usage": "I've found a flight with United Airlines for $292. The flight leaves at 10:25 pm and returns at 6:15 am.",
            "REQ_MORE": "{}",
            "REQ_MORE_usage": "Is there anything else I can assist you with?",
            "INFORM_COUNT": "{}",
            "INFORM_COUNT_usage": "Alright, I've got 3 other flights here - Delta Airlines has a departing flight at 10:50 am with the returning flight leaving at 10:50 pm, each ticket is $123.",
            "INFORM": "{}",
            "INFORM_usage": "That is correct. This flight has 1 stop.",
            "GOODBYE": "{}",
            "GOODBYE_usage": "Have a good day.",
            "NOTIFY_FAILURE": "{}",
            "NOTIFY_FAILURE_usage": "I'm sorry, I don't have anything else available. Is there anything else I can help you with?",
            "CONFIRM": "{}",
            "CONFIRM_usage": "Would you confirm that you want to leave on United Airlines from Chicago and go to Sydney on United irlines? The departure date is March 4th and the return is March 8th. This outbound flight leaves at 10:35 am and the return leaves at 10:05 pm. You need 1 economy ticket. Is this correct?"
        },
        "ReserveRoundtripFlights": {
            "REQUEST": "{}",
            "REQUEST_usage": "When do you want to depart and when would you like to return?",
            "CONFIRM": "{}",
            "CONFIRM_usage": "Please confirm the following details: the flight is from Chicago to Mexico City on United Airlines. The departure date is the day after tomorrow with a return on March 9th. The onward flight leaves at 3 pm and the return flight leaves at 8 am. The seating class is Economy with 1 total passenger.",
            "NOTIFY_FAILURE": "{}",
            "NOTIFY_FAILURE_usage": "Sorry I couldn't book your ticket. Shall I help with something else?",
            "REQ_MORE": "{}",
            "REQ_MORE_usage": "Sorry I couldn't book your ticket. Shall I help with something else?",
            "GOODBYE": "{}",
            "GOODBYE_usage": "Have a great day!",
            "INFORM": "{}",
            "INFORM_usage": "Your ticket is booked. The cost would be $132.",
            "NOTIFY_SUCCESS": "{}",
            "NOTIFY_SUCCESS_usage": "Your ticket is booked. The cost would be $132.",
            "OFFER": "{}",
            "OFFER_usage": "I wasn't able to book your ticket just yet. So, this flight from Philadelphia to Paris on Delta Airlines has 1 stop and comes to a total of $333. It departs the day after tomorrow and returns on March 11th."
        }
    },
    "Events_2": {
        "BuyEventTickets": {
            "REQUEST": "{}",
            "REQUEST_usage": "What event do you want on what date and how many tickets do you need?",
            "CONFIRM": "{}",
            "CONFIRM_usage": "You want 3 tickets to the Mariners Vs White Sox game on March 10th in Seattle. Is that right?",
            "INFORM": "{}",
            "INFORM_usage": "Your tickets have been ordered and the venue is T-Mobile Park located at 1250 1st Avenue South.",
            "NOTIFY_SUCCESS": "{}",
            "NOTIFY_SUCCESS_usage": "Your tickets have been ordered and the venue is T-Mobile Park located at 1250 1st Avenue South.",
            "REQ_MORE": "{}",
            "REQ_MORE_usage": "You're welcome. Is there anything else I can do for you?",
            "GOODBYE": "{}",
            "GOODBYE_usage": "Have a nice day.",
            "NOTIFY_FAILURE": "{}",
            "NOTIFY_FAILURE_usage": "Sorry, I couldn't buy tickets. Could I do anything else for you?"
        },
        "GetEventDates": {
            "REQUEST": "{}",
            "REQUEST_usage": "In which city?",
            "OFFER": "{}",
            "OFFER_usage": "Sparks vs Lynx will be at Staples Center March 5th.",
            "REQ_MORE": "{}",
            "REQ_MORE_usage": "Can I do something else for you?",
            "INFORM_COUNT": "{}",
            "INFORM_COUNT_usage": "I found 5 dates for the Buttertones at Chop Shop beginning on March 6th.",
            "INFORM": "{}",
            "INFORM_usage": "2033 West North Avenue.",
            "CONFIRM": "{}",
            "CONFIRM_usage": "please confirm the following: You want 4 tickets for The Paper Kites next monday in New York?",
            "NOTIFY_FAILURE": "{}",
            "NOTIFY_FAILURE_usage": "I couldn't find anymore dates. Is there anything else I can help you with?",
            "GOODBYE": "{}",
            "GOODBYE_usage": "Have a wonderful day."
        },
        "FindEvents": {
            "REQUEST": "{}",
            "REQUEST_usage": "Any preferences such as Music, Sports or something else? What city should I search in?",
            "OFFER": "{}",
            "OFFER_usage": "I found you 2 events. How about Billy Currington at Gallagher Way?",
            "INFORM_COUNT": "{}",
            "INFORM_COUNT_usage": "I found you 2 events. How about Billy Currington at Gallagher Way?",
            "CONFIRM": "{}",
            "CONFIRM_usage": "Confirming that you want 4 tickets to the Billy Currington event taking place in Chicago on March 12th.",
            "INFORM": "{}",
            "INFORM_usage": "The venue is located at 123-01 Roosevelt Avenue and the event begins at 5:30 pm",
            "REQ_MORE": "{}",
            "REQ_MORE_usage": "Anything else today?",
            "GOODBYE": "{}",
            "GOODBYE_usage": "Have a good day.",
            "NOTIFY_FAILURE": "{}",
            "NOTIFY_FAILURE_usage": "No, there is not. Would you need assistance with something else?"
        }
    },
    "RentalCars_2": {
        "GetCarsAvailable": {
            "REQUEST": "{}",
            "REQUEST_usage": "Will you be getting it on March 10th and if so at what time and when will you return it?",
            "OFFER": "{}",
            "OFFER_usage": "I found a Standard Honda Civic for rent at Seattle-Tacoma International Airport on March 8th.",
            "CONFIRM": "{}",
            "CONFIRM_usage": "You want a Standard car for pickup on March 8th at 2 pm at Seattle-Tacoma International Airport and return it on March 13th. Is that right?",
            "INFORM_COUNT": "{}",
            "INFORM_COUNT_usage": "There are 5 options that may work for you. The first is a Standard car that is available for pickup on March 3rd ant the King Street Station. It is a Ford Fusion.",
            "INFORM": "{}",
            "INFORM_usage": "It would be $105.",
            "REQ_MORE": "{}",
            "REQ_MORE_usage": "Great",
            "NOTIFY_FAILURE": "{}",
            "NOTIFY_FAILURE_usage": "I'm sorry but no, those are the only one's I was able to find for you. Can I help you find something else?",
            "GOODBYE": "{}",
            "GOODBYE_usage": "Have a wonderful day."
        },
        "ReserveCar": {
            "INFORM": "{}",
            "INFORM_usage": "It costs $150 and your reservation is successful.",
            "NOTIFY_SUCCESS": "{}",
            "NOTIFY_SUCCESS_usage": "It costs $150 and your reservation is successful.",
            "GOODBYE": "{}",
            "GOODBYE_usage": "Have a good day.",
            "CONFIRM": "{}",
            "CONFIRM_usage": "You'd like to pickup your Compact car at the King Street Station today, March 1st, at 12:30 pm. You will be returning the car on March 6th. Is this correct?",
            "REQ_MORE": "{}",
            "REQ_MORE_usage": "Is there anything else you need tonight?",
            "REQUEST": "{}",
            "REQUEST_usage": "when will you need it?",
            "NOTIFY_FAILURE": "{}",
            "NOTIFY_FAILURE_usage": "I was unable to reserve the car. Anything else?",
            "OFFER": "{}",
            "OFFER_usage": "I was not able to get the car. There is a lovely car available at SFO international airport on March 7th. It is a mini cooper and it would cost $25 in all."
        }
    },
    "Services_1": {
        "FindProvider": {
            "REQUEST": "{}",
            "REQUEST_usage": "What city do you want me to search in?",
            "OFFER": "{}",
            "OFFER_usage": "I have found a nice salon in San Francisco, 1512 Barber Shop.",
            "INFORM": "{}",
            "INFORM_usage": "The phone number is 415-286-4371.",
            "CONFIRM": "{}",
            "CONFIRM_usage": "Please confirm these details for me: You would like an appointment at 2:45 pm on March 13th at 1512 Barber Shop.",
            "INFORM_COUNT": "{}",
            "INFORM_COUNT_usage": "I found 10 salons. Atelier Salon Willow Glen is a salon in San Jose.",
            "REQ_MORE": "{}",
            "REQ_MORE_usage": "Do you need help with anything else?",
            "GOODBYE": "{}",
            "GOODBYE_usage": "Have a great day!"
        },
        "BookAppointment": {
            "INFORM": "{}",
            "INFORM_usage": "The average rating is 4.8. the address is 1532 20th Street. Sorry, I was unable to book the appointment. Would you like to book an appointment on March 6th at 11:30 am. 1512 Barber Shop is a fine salon.",
            "OFFER": "{}",
            "OFFER_usage": "The average rating is 4.8. the address is 1532 20th Street. Sorry, I was unable to book the appointment. Would you like to book an appointment on March 6th at 11:30 am. 1512 Barber Shop is a fine salon.",
            "NOTIFY_FAILURE": "{}",
            "NOTIFY_FAILURE_usage": "The average rating is 4.8. the address is 1532 20th Street. Sorry, I was unable to book the appointment. Would you like to book an appointment on March 6th at 11:30 am. 1512 Barber Shop is a fine salon.",
            "NOTIFY_SUCCESS": "{}",
            "NOTIFY_SUCCESS_usage": "Your appointment has been confirmed.",
            "CONFIRM": "{}",
            "CONFIRM_usage": "Can you please confirm that you want me to book an appointment for you at Exclusive Spa for March 5th at 2:30 pm?",
            "REQUEST": "{}",
            "REQUEST_usage": "What date and time would you like the appointment for?",
            "REQ_MORE": "{}",
            "REQ_MORE_usage": "Sorry, there isn't an available opening for that time. Can I help with anything else?",
            "GOODBYE": "{}",
            "GOODBYE_usage": "Have a wonderful day. I hope the salon provides you with what you need."
        }
    },
    "Movies_1": {
        "FindMovies": {
            "OFFER": "{}",
            "OFFER_usage": "I located 10 movies. What do you think of the movie Ash Is Purest White, Captain Marvel, or Citizen Kane?",
            "INFORM_COUNT": "{}",
            "INFORM_COUNT_usage": "I located 10 movies. What do you think of the movie Ash Is Purest White, Captain Marvel, or Citizen Kane?",
            "REQ_MORE": "{}",
            "REQ_MORE_usage": "Is there anything else I can assist you with?",
            "NOTIFY_FAILURE": "{}",
            "NOTIFY_FAILURE_usage": "Sorry, I can't find anything else that fits your criteria. Is there anything else I can help with?",
            "GOODBYE": "{}",
            "GOODBYE_usage": "Have a great day",
            "REQUEST": "{}",
            "REQUEST_usage": "Can you tell me the location where you want to watch the movie?",
            "CONFIRM": "{}",
            "CONFIRM_usage": "I need your confirmation to book 2 tickets for a 3D show of movie Brittany Runs a Marathon on March 4th in San Jose at 10 pm."
        },
        "GetTimesForMovie": {
            "OFFER": "{}",
            "OFFER_usage": "There is one showing in Landmark's Embarcadero Center Cinema at 9 pm.",
            "NOTIFY_FAILURE": "{}",
            "NOTIFY_FAILURE_usage": "Sorry, there are no other showings of the movie. Is there another thing I can help you with?",
            "REQ_MORE": "{}",
            "REQ_MORE_usage": "Sorry, there are no other showings of the movie. Is there another thing I can help you with?",
            "GOODBYE": "{}",
            "GOODBYE_usage": "Have a great day.",
            "INFORM_COUNT": "{}",
            "INFORM_COUNT_usage": "There's 1 showtime for this movie, at 8:30 pm at 3rd Street Cinema.",
            "INFORM": "{}",
            "INFORM_usage": "Sure, they're located at 620 3rd Street.",
            "REQUEST": "{}",
            "REQUEST_usage": "When would you like to watch the movie?"
        },
        "BuyMovieTickets": {
            "REQUEST": "{}",
            "REQUEST_usage": "When will you be watching it?",
            "CONFIRM": "{}",
            "CONFIRM_usage": "Please confirm your reservation for 4 for an IMAX viewing of Saaho in Danville on March 1st at 6:30 pm.",
            "INFORM": "{}",
            "INFORM_usage": "Your reservation for your show at Century Blackhawk Plaza has been made.",
            "NOTIFY_SUCCESS": "{}",
            "NOTIFY_SUCCESS_usage": "Your reservation for your show at Century Blackhawk Plaza has been made.",
            "GOODBYE": "{}",
            "GOODBYE_usage": "Have a pleasant day ahead!",
            "REQ_MORE": "{}",
            "REQ_MORE_usage": "Do you have another task for me?",
            "NOTIFY_FAILURE": "{}",
            "NOTIFY_FAILURE_usage": "Sorry, I was not able to book the tickets as you required. How can I assist you further?"
        }
    },
    "Services_2": {
        "FindProvider": {
            "OFFER": "{}",
            "OFFER_usage": "Yes of course. A J Dental Lab is in San Jose.",
            "REQ_MORE": "{}",
            "REQ_MORE_usage": "Is there anything else I can do?",
            "REQUEST": "{}",
            "REQUEST_usage": "Sure, which city?",
            "INFORM_COUNT": "{}",
            "INFORM_COUNT_usage": "I found 10 dentists in Sunnyvale. How about Amazing Smile Dental?",
            "INFORM": "{}",
            "INFORM_usage": "The address is 689 East Remington Drive Ste A. The phone number is 408-739-6520",
            "CONFIRM": "{}",
            "CONFIRM_usage": "Confirming an appointment with Cofield Marianne on March 11th at 9:45 am.",
            "GOODBYE": "{}",
            "GOODBYE_usage": "No worries! Have a great day ahead!"
        },
        "BookAppointment": {
            "CONFIRM": "{}",
            "CONFIRM_usage": "To confirm: You wish to book an appointment at 2:15 pm on March 2nd at A J Dental Lab. Is this correct?",
            "NOTIFY_SUCCESS": "{}",
            "NOTIFY_SUCCESS_usage": "Your appointment is confirmed. Is there anything else?",
            "GOODBYE": "{}",
            "GOODBYE_usage": "Have a nice day.",
            "REQUEST": "{}",
            "REQUEST_usage": "What time do you want that for?",
            "INFORM": "{}",
            "INFORM_usage": "They don't unfortunately and I wasn't able to book it at that time. How about a March 10th, 12:30 pm appointment, still at Amazing Smile Dental",
            "OFFER": "{}",
            "OFFER_usage": "They don't unfortunately and I wasn't able to book it at that time. How about a March 10th, 12:30 pm appointment, still at Amazing Smile Dental",
            "NOTIFY_FAILURE": "{}",
            "NOTIFY_FAILURE_usage": "They don't unfortunately and I wasn't able to book it at that time. How about a March 10th, 12:30 pm appointment, still at Amazing Smile Dental",
            "REQ_MORE": "{}",
            "REQ_MORE_usage": "May I help you with anything else today?"
        }
    },
    "Services_3": {
        "FindProvider": {
            "REQUEST": "{}",
            "REQUEST_usage": "Which city will you need to go to?",
            "OFFER": "{}",
            "OFFER_usage": "What about trying Alan B. Scott, M.D. in San Francisco. He IS an Ophthalmologist.",
            "REQ_MORE": "{}",
            "REQ_MORE_usage": "What else do you need?",
            "INFORM": "{}",
            "INFORM_usage": "They have a 4.2.",
            "INFORM_COUNT": "{}",
            "INFORM_COUNT_usage": "I found 6 in Los Altos. One General Practitioner is Brown Peter, MD.",
            "CONFIRM": "{}",
            "CONFIRM_usage": "Please confirm Aaron Tward, M.D. on March 1st at 1 pm.",
            "NOTIFY_FAILURE": "{}",
            "NOTIFY_FAILURE_usage": "Unfortunately, no other results came up. Is there anything else I can help you with?",
            "GOODBYE": "{}",
            "GOODBYE_usage": "Have a great day!"
        },
        "BookAppointment": {
            "CONFIRM": "{}",
            "CONFIRM_usage": "Here's what I heard: appointment for Alan B. Scott, M.D., 11:30 am, March 1st.",
            "INFORM": "{}",
            "INFORM_usage": "Sorry, no appointment available at the time you asked for. They are at 2100 Webster Street suite 214. The rating is 5.0 I'm sorry though I can't find an appointment at the time you prefer. How about Alan B. Scott, M.D. on March 1st at 11 am?",
            "OFFER": "{}",
            "OFFER_usage": "Sorry, no appointment available at the time you asked for. They are at 2100 Webster Street suite 214. The rating is 5.0 I'm sorry though I can't find an appointment at the time you prefer. How about Alan B. Scott, M.D. on March 1st at 11 am?",
            "NOTIFY_FAILURE": "{}",
            "NOTIFY_FAILURE_usage": "Sorry, no appointment available at the time you asked for. They are at 2100 Webster Street suite 214. The rating is 5.0 I'm sorry though I can't find an appointment at the time you prefer. How about Alan B. Scott, M.D. on March 1st at 11 am?",
            "REQ_MORE": "{}",
            "REQ_MORE_usage": "What can I do to make this up to you?",
            "GOODBYE": "{}",
            "GOODBYE_usage": "I'm quite sorry.",
            "REQUEST": "{}",
            "REQUEST_usage": "Is there a specific time that's best for you?",
            "NOTIFY_SUCCESS": "{}",
            "NOTIFY_SUCCESS_usage": "Alright, your appointment was scheduled successfully."
        }
    },
    "RideSharing_2": {
        "GetRide": {
            "REQUEST": "{}",
            "REQUEST_usage": "Is there a specific type of ride you would prefer? You can ride Pool, Luxury, or there are other options.",
            "CONFIRM": "{}",
            "CONFIRM_usage": "Please confirm: You would like a ride to Kanpai, there is 1 in your party and you want to ride Pool.",
            "NOTIFY_SUCCESS": "{}",
            "NOTIFY_SUCCESS_usage": "I have booked your ride and the cab is on its way to your location.",
            "INFORM": "{}",
            "INFORM_usage": "The cab is expected to be there in about 7 minutes.",
            "GOODBYE": "{}",
            "GOODBYE_usage": "Have a great day!",
            "REQ_MORE": "{}",
            "REQ_MORE_usage": "do you need anything else?",
            "NOTIFY_FAILURE": "{}",
            "NOTIFY_FAILURE_usage": "I apologize, but I could not find the ride you wanted at this moment. Is there something else I can do to help you?"
        }
    },
    "Hotels_2": {
        "SearchHouse": {
            "OFFER": "{}",
            "OFFER_usage": "There is a good house that is located at 100 Capitol Mall and has a 4.4 rating.",
            "GOODBYE": "{}",
            "GOODBYE_usage": "It was my pleasure assisting you. Good bye.",
            "INFORM_COUNT": "{}",
            "INFORM_COUNT_usage": "There are 10 homes that I found including 100 Greenwich Street. It has a rating of 4.4.",
            "INFORM": "{}",
            "INFORM_usage": "Yes, they have laundry service. The phone number is +1 212-379-0103.",
            "REQ_MORE": "{}",
            "REQ_MORE_usage": "Would you be needing anything else?",
            "REQUEST": "{}",
            "REQUEST_usage": "How many people? Will you check in on March 1st? Which date will you check out?",
            "CONFIRM": "{}",
            "CONFIRM_usage": "Okay I have a house for 1 from March 1st to March 2nd in Los Angeles, correct?"
        },
        "BookHouse": {
            "NOTIFY_SUCCESS": "{}",
            "NOTIFY_SUCCESS_usage": "Your house has been booked.",
            "GOODBYE": "{}",
            "GOODBYE_usage": "It was my pleasure, enjoy!",
            "REQUEST": "{}",
            "REQUEST_usage": "is check in on march 1st?",
            "CONFIRM": "{}",
            "CONFIRM_usage": "Confirm me the acquired data before I go on. You're looking for a house for 2 in nairobi and you will check it on march 1st and check out on march 5th",
            "INFORM": "{}",
            "INFORM_usage": "the total is $2,030 and the number is +254 703 049000",
            "REQ_MORE": "{}",
            "REQ_MORE_usage": "Is there anything else I can do?",
            "NOTIFY_FAILURE": "{}",
            "NOTIFY_FAILURE_usage": "Sorry those dates are not available. Would you like to try another date?"
        }
    },
    "Events_3": {
        "FindEvents": {
            "REQUEST": "{}",
            "REQUEST_usage": "What do you like to do and where would you like to do it?",
            "OFFER": "{}",
            "OFFER_usage": "I pulled up a list of 10 so far I think this one would interest you its on March 11th at 7:30 pm at the Kaufmann Concert Hall - Abbi Jacobson will be there.",
            "INFORM_COUNT": "{}",
            "INFORM_COUNT_usage": "I pulled up a list of 10 so far I think this one would interest you its on March 11th at 7:30 pm at the Kaufmann Concert Hall - Abbi Jacobson will be there.",
            "REQ_MORE": "{}",
            "REQ_MORE_usage": "Would you like anything else?",
            "INFORM": "{}",
            "INFORM_usage": "The venue address is 10361 West Pico Boulevard and the ticket price is $45.",
            "GOODBYE": "{}",
            "GOODBYE_usage": "My pleasure! Have a great day.",
            "NOTIFY_FAILURE": "{}",
            "NOTIFY_FAILURE_usage": "I'm sorry, but I can't find anything else that matches your criteria, can I do something else though?",
            "CONFIRM": "{}",
            "CONFIRM_usage": "Please verify, you need 1 ticket to watch Annual School Performance on March 2nd in Portland."
        },
        "BuyEventTickets": {
            "REQUEST": "{}",
            "REQUEST_usage": "How many of you will there be?",
            "CONFIRM": "{}",
            "CONFIRM_usage": "Alright you want 4 seats for the March 11th happening in New York with Abbi Jacobson is that right?",
            "INFORM": "{}",
            "INFORM_usage": "Your seats are taken care, you have a good time. Their location is 1395 Lexington Avenue.",
            "NOTIFY_SUCCESS": "{}",
            "NOTIFY_SUCCESS_usage": "Your seats are taken care, you have a good time. Their location is 1395 Lexington Avenue.",
            "REQ_MORE": "{}",
            "REQ_MORE_usage": "Is there any thing else you would like assistance with?",
            "GOODBYE": "{}",
            "GOODBYE_usage": "Have a wonderful day.",
            "NOTIFY_FAILURE": "{}",
            "NOTIFY_FAILURE_usage": "Unfortunately there are no available tickets. Do you help with anything else?"
        }
    },
    "Buses_3": {
        "FindBus": {
            "REQUEST": "{}",
            "REQUEST_usage": "Would you take the bus on March 11th?",
            "OFFER": "{}",
            "OFFER_usage": "There are 7 possible buses you could take. One that costs $38 leaves at 6:20 am.",
            "INFORM_COUNT": "{}",
            "INFORM_COUNT_usage": "There are 7 possible buses you could take. One that costs $38 leaves at 6:20 am.",
            "INFORM": "{}",
            "INFORM_usage": "You would have to get on the bus at the Silver Spring Bus Stop.",
            "REQ_MORE": "{}",
            "REQ_MORE_usage": "Is there anything else you'd like?",
            "CONFIRM": "{}",
            "CONFIRM_usage": "Can you then please confirm that you want to buy tickets for 3 people for the bus which leaves on March 4th at 7:10 am from Sacramento to go to San Diego?",
            "GOODBYE": "{}",
            "GOODBYE_usage": "Have a good one."
        },
        "BuyBusTicket": {
            "CONFIRM": "{}",
            "CONFIRM_usage": "Booking ticket for 1 person leaving at 7:10 am from Vancouver to Portland on March 4th.",
            "INFORM": "{}",
            "INFORM_usage": "Your ticket is booked and the station is SW Arthur & 1st.",
            "NOTIFY_SUCCESS": "{}",
            "NOTIFY_SUCCESS_usage": "Your ticket is booked and the station is SW Arthur & 1st.",
            "GOODBYE": "{}",
            "GOODBYE_usage": "Have a good day.",
            "REQ_MORE": "{}",
            "REQ_MORE_usage": "How can I assist you further?",
            "REQUEST": "{}",
            "REQUEST_usage": "How many please?",
            "OFFER": "{}",
            "OFFER_usage": "this is a direct bus. unfortunately the booking failed due to unexpected errors. Do you want to book seats on the 2:50 pm departure instead? tickets are $14",
            "NOTIFY_FAILURE": "{}",
            "NOTIFY_FAILURE_usage": "this is a direct bus. unfortunately the booking failed due to unexpected errors. Do you want to book seats on the 2:50 pm departure instead? tickets are $14"
        }
    },
    "Flights_4": {
        "SearchRoundtripFlights": {
            "REQUEST": "{}",
            "REQUEST_usage": "Would you want to board the plane on March 5th?",
            "OFFER": "{}",
            "OFFER_usage": "American Airlines offers a round trip direct flight for $127 that would leave at 9:25 pm and to come home you would depart at 5 pm, what about that one?",
            "INFORM": "{}",
            "INFORM_usage": "The plane is scheduled to land at your destination at 10:35 pm.",
            "REQ_MORE": "{}",
            "REQ_MORE_usage": "Is there anything else I can help you with?",
            "INFORM_COUNT": "{}",
            "INFORM_COUNT_usage": "I found 1 flight for you. It is a direct United Airlines flight with the onward flight taking off at 4:35 pm and the returning flight leaving at 10:15 am for $127.",
            "GOODBYE": "{}",
            "GOODBYE_usage": "Have a great day!",
            "NOTIFY_FAILURE": "{}",
            "NOTIFY_FAILURE_usage": "I apologize, I don't have any other flights. May I help you with anything else?"
        },
        "SearchOnewayFlight": {
            "REQUEST": "{}",
            "REQUEST_usage": "Which city would you like to fly out of.",
            "OFFER": "{}",
            "OFFER_usage": "Is Alaska Airlines acceptable for you. They have a plane leaving at 11:30 pm with no stops. The charge would be $171.",
            "INFORM": "{}",
            "INFORM_usage": "The arrival time is projected at 7:29 am.",
            "REQ_MORE": "{}",
            "REQ_MORE_usage": "Is there anything else I can do for you?",
            "GOODBYE": "{}",
            "GOODBYE_usage": "Your welcome. I hope you have a great day.",
            "INFORM_COUNT": "{}",
            "INFORM_COUNT_usage": "There is 1 flight available on American Airlines. It costs $649 and leaves at 2:35 pm.",
            "NOTIFY_FAILURE": "{}",
            "NOTIFY_FAILURE_usage": "I can't find anything else. How can I help you further?"
        }
    },
    "Payment_1": {
        "RequestPayment": {
            "REQUEST": "{}",
            "REQUEST_usage": "No problem. What's the name of the contact?",
            "CONFIRM": "{}",
            "CONFIRM_usage": "Okay, just confirm the following for me. You are making a public transaction with Peter for $71. This transaction will be visible to the public.",
            "NOTIFY_SUCCESS": "{}",
            "NOTIFY_SUCCESS_usage": "Okay, your payment request was a success.",
            "REQ_MORE": "{}",
            "REQ_MORE_usage": "Is there anything else you need me to help you with?"
        },
        "MakePayment": {
            "REQUEST": "{}",
            "REQUEST_usage": "Can you confirm me the amount please?",
            "CONFIRM": "{}",
            "CONFIRM_usage": "Please confirm: You want me to send $116 from your debit card to Amelia in private.",
            "NOTIFY_SUCCESS": "{}",
            "NOTIFY_SUCCESS_usage": "I have successfully made your payment. It will reflect in receiver's account.",
            "REQ_MORE": "{}",
            "REQ_MORE_usage": "Is there anything else I can help you with?",
            "GOODBYE": "{}",
            "GOODBYE_usage": "I am glad I could help. Have a nice day! Bye!"
        }
    },
    "Media_3": {
        "FindMovies": {
            "REQUEST": "{}",
            "REQUEST_usage": "What type of movies you like?",
            "OFFER": "{}",
            "OFFER_usage": "I have for you 1 movie.How about Steel Magnolias?",
            "INFORM_COUNT": "{}",
            "INFORM_COUNT_usage": "I have for you 1 movie.How about Steel Magnolias?",
            "REQ_MORE": "{}",
            "REQ_MORE_usage": "Okay, is there something else you would like my help with?",
            "NOTIFY_FAILURE": "{}",
            "NOTIFY_FAILURE_usage": "I couldn't find any other films. What else can I help you with?",
            "CONFIRM": "{}",
            "CONFIRM_usage": "Please review the details and confirm it . Playing Stage door with subtitles in French."
        },
        "PlayMovie": {
            "CONFIRM": "{}",
            "CONFIRM_usage": "Play Steel Magnolias with subtitle in French.I'm right?",
            "NOTIFY_SUCCESS": "{}",
            "NOTIFY_SUCCESS_usage": "The movie is started.",
            "GOODBYE": "{}",
            "GOODBYE_usage": "Have a great day.",
            "INFORM": "{}",
            "INFORM_usage": "movie is on. elijah wood is one of the actors",
            "REQ_MORE": "{}",
            "REQ_MORE_usage": "what more can I do?",
            "REQUEST": "{}",
            "REQUEST_usage": "Any specific movie you are looking for?",
            "NOTIFY_FAILURE": "{}",
            "NOTIFY_FAILURE_usage": "Sorry, I was not able to play your movie. Could I help you in some other way?"
        }
    },
    "Music_3": {
        "LookupMusic": {
            "OFFER": "{}",
            "OFFER_usage": "What is your opinion about album Where We Come From by Popcaan and song Everything Nice?",
            "CONFIRM": "{}",
            "CONFIRM_usage": "Play the song Everything Nice in Living room.Is that okay?",
            "INFORM_COUNT": "{}",
            "INFORM_COUNT_usage": "I found 1 song by Pavni Pandey. Would you like to listen to Laila Main Laila fro her album Raees?",
            "INFORM": "{}",
            "INFORM_usage": "It is a song from South Asia.",
            "REQ_MORE": "{}",
            "REQ_MORE_usage": "What else can I help you with?",
            "NOTIFY_FAILURE": "{}",
            "NOTIFY_FAILURE_usage": "Sorry, But there are no other song which meets your requirements. Can I assist you with anything else?"
        },
        "PlayMedia": {
            "INFORM": "{}",
            "INFORM_usage": "This is a Reggae song.Enjoy it!",
            "NOTIFY_SUCCESS": "{}",
            "NOTIFY_SUCCESS_usage": "This is a Reggae song.Enjoy it!",
            "CONFIRM": "{}",
            "CONFIRM_usage": "confirm the next operation: I'll play the song sick like me in the kitchen",
            "GOODBYE": "{}",
            "GOODBYE_usage": "Have a good day.",
            "REQ_MORE": "{}",
            "REQ_MORE_usage": "Can I be of further assistance?"
        }
    },
    "RentalCars_3": {
        "GetCarsAvailable": {
            "REQUEST": "{}",
            "REQUEST_usage": "What time do you need the car? On what day? When do you want to return the car?",
            "OFFER": "{}",
            "OFFER_usage": "There are 3 cars available at Chicago Union Station. One is a Buick Regal Sportback sedan.",
            "INFORM_COUNT": "{}",
            "INFORM_COUNT_usage": "There are 3 cars available at Chicago Union Station. One is a Buick Regal Sportback sedan.",
            "GOODBYE": "{}",
            "GOODBYE_usage": "Have a nice day.",
            "INFORM": "{}",
            "INFORM_usage": "it is $27.00 per day",
            "REQ_MORE": "{}",
            "REQ_MORE_usage": "Could I assist with something else?",
            "CONFIRM": "{}",
            "CONFIRM_usage": "Please verify the following information: you are picking up an SUV from Orly International Airport from March 3rd, 6:30 pm to March 5th, and it does not include insurance."
        },
        "ReserveCar": {
            "INFORM": "{}",
            "INFORM_usage": "Your vehicle has been booked, and its price is $43.00 per night.",
            "NOTIFY_SUCCESS": "{}",
            "NOTIFY_SUCCESS_usage": "Your vehicle has been booked, and its price is $43.00 per night.",
            "GOODBYE": "{}",
            "GOODBYE_usage": "Have a pleasant afternoon.",
            "REQUEST": "{}",
            "REQUEST_usage": "Do you want the insurance?",
            "CONFIRM": "{}",
            "CONFIRM_usage": "Please confirm, picking up a sedan and March 13th at Anaheim Intermodal Center at 8 pm. The pick up day is March 14th.",
            "REQ_MORE": "{}",
            "REQ_MORE_usage": "Anything else today?",
            "NOTIFY_FAILURE": "{}",
            "NOTIFY_FAILURE_usage": "Reservation failed.With something else I can help you?",
            "OFFER": "{}",
            "OFFER_usage": "Something happened. I could not secure the vehicle with those details. There is a Mazda 3 available at the Anaheim Intermodal Center that can be picked up March 4th. This car has a charge of $26.00 every day."
        }
    },
    "Homes_2": {
        "ScheduleVisit": {
            "REQUEST": "{}",
            "REQUEST_usage": "Which property and when do you want to visit?",
            "CONFIRM": "{}",
            "CONFIRM_usage": "Please confirm: Scheduling a visit to Tiburon 6 lyford, Llc on march 3rd",
            "NOTIFY_SUCCESS": "{}",
            "NOTIFY_SUCCESS_usage": "Your visit is scheduled.",
            "INFORM": "{}",
            "INFORM_usage": "Its located at 6 Lyford Drive, Belvedere and the number is 855-553-0652",
            "GOODBYE": "{}",
            "GOODBYE_usage": "have a good day!",
            "REQ_MORE": "{}",
            "REQ_MORE_usage": "Is there anything else I can help you with?"
        },
        "FindHomeByArea": {
            "REQUEST": "{}",
            "REQUEST_usage": "Do you want to rent or buy? How many baths would you like?",
            "OFFER": "{}",
            "OFFER_usage": "Country Sharon Apartments has places for rent. They are located at 2225 Sharon Road. They start at $4,050.",
            "INFORM": "{}",
            "INFORM_usage": "It does not have laundry machines in the home.",
            "INFORM_COUNT": "{}",
            "INFORM_COUNT_usage": "There are 6 houses that match. Bermuda Garden Apartments at 1475 167th Avenue has a very good property which costs $3,200,000.",
            "REQ_MORE": "{}",
            "REQ_MORE_usage": "What else can I do for you?",
            "CONFIRM": "{}",
            "CONFIRM_usage": "A visit will be scheduled to 1901 Shoreline Apartments for March 2nd, is this right?"
        }
    },
    "Trains_1": {
        "FindTrains": {
            "REQUEST": "{}",
            "REQUEST_usage": "At what date do you wish to travel?from which city you like to depart from and at what city are you plan to go?",
            "OFFER": "{}",
            "OFFER_usage": "THere are 4 trains that suits your need. it will depart at 6:30 am and it costs $123 in total.",
            "INFORM_COUNT": "{}",
            "INFORM_COUNT_usage": "THere are 4 trains that suits your need. it will depart at 6:30 am and it costs $123 in total.",
            "INFORM": "{}",
            "INFORM_usage": "THe train is leaving from Anaheim Intermodal Center and the train arrives at Phoenix Union Station.",
            "REQ_MORE": "{}",
            "REQ_MORE_usage": "Whether anything else i need to search for?",
            "GOODBYE": "{}",
            "GOODBYE_usage": "bye, have a great day.",
            "CONFIRM": "{}",
            "CONFIRM_usage": "Please confirm that you want 1 Value ticket from New York to Washington on the train that leaves at 7:20 am on March 12th."
        },
        "GetTrainTickets": {
            "REQUEST": "{}",
            "REQUEST_usage": "How many tickets would you like?",
            "CONFIRM": "{}",
            "CONFIRM_usage": "Booking 1 value ticket from WAshington to Chicago on March 6th at 9:40 am.",
            "NOTIFY_SUCCESS": "{}",
            "NOTIFY_SUCCESS_usage": "Your ticket was booked.",
            "GOODBYE": "{}",
            "GOODBYE_usage": "Have a good day.",
            "INFORM": "{}",
            "INFORM_usage": "I have made your booking successfully. The train leaves from Union Station.",
            "REQ_MORE": "{}",
            "REQ_MORE_usage": "Is there anything else I can do for you?"
        }
    },
    "Movies_3": {
        "FindMovies": {
            "OFFER": "{}",
            "OFFER_usage": "Madeline's Madeline has 88 percent rating.",
            "REQ_MORE": "{}",
            "REQ_MORE_usage": "Do you need anything else?",
            "GOODBYE": "{}",
            "GOODBYE_usage": "Have a nice day.",
            "INFORM_COUNT": "{}",
            "INFORM_COUNT_usage": "I'd be happy to help. I have 10 movies you might be interested in. May I recommend A Faithful Man? It is a well reviewed movie with an average score of 78 percent.",
            "INFORM": "{}",
            "INFORM_usage": "Yes, Louis Garrel directed the film.",
            "NOTIFY_FAILURE": "{}",
            "NOTIFY_FAILURE_usage": "I regret to inform you no, I was unable to find anything anything else matching that criteria. Can I assist you with something else?"
        }
    },
    "Messaging_1": {
        "ShareLocation": {
            "REQUEST": "{}",
            "REQUEST_usage": "Are you wanting to share the location Heathrow International Airport?",
            "CONFIRM": "{}",
            "CONFIRM_usage": "Please confirm you wish to share the location Heathrow International Airport with Patricia.",
            "NOTIFY_SUCCESS": "{}",
            "NOTIFY_SUCCESS_usage": "The location has been been shared.",
            "GOODBYE": "{}",
            "GOODBYE_usage": "Your welcome! Enjoy your day!",
            "REQ_MORE": "{}",
            "REQ_MORE_usage": "Anything else you want from me?"
        }
    }
}