{
    "Media_2": {
        "FindMovies": {
            "REQUEST": "{}",
            "REQUEST_usage": "Jaki gatunek chcesz?",
            "OFFER": "{}",
            "OFFER_usage": "Znalazłem Body Double i Obywatela Kane'a.",
            "REQ_MORE": "{}",
            "REQ_MORE_usage": "Czy mogę zrobić coś jeszcze dla ciebie?",
            "INFORM_COUNT": "{}",
            "INFORM_COUNT_usage": "Znalazłem 10 opcji, a może: Dr. Strangelove, pogrzeb rodziny Madea lub ciocia Mame?",
            "CONFIRM": "{}",
            "CONFIRM_usage": "Chcesz wypożyczyć Josie and the Pussycats bez napisów. Czy to prawda?",
            "NOTIFY_FAILURE": "{}",
            "NOTIFY_FAILURE_usage": "Z przykrością informuję, że nie znalazłem innego filmu. Czy potrzebujesz czegoś jeszcze/"
        },
        "RentMovie": {
            "INFORM": "{}",
            "INFORM_usage": "Film kosztuje 5 USD, należy go obejrzeć w ciągu 3 dni, a wypożyczenie filmu zakończy się sukcesem.",
            "NOTIFY_SUCCESS": "{}",
            "NOTIFY_SUCCESS_usage": "Film kosztuje 5 USD, należy go obejrzeć w ciągu 3 dni, a wypożyczenie filmu zakończy się sukcesem.",
            "GOODBYE": "{}",
            "GOODBYE_usage": "Miłego dnia.",
            "REQ_MORE": "{}",
            "REQ_MORE_usage": "Czy jest coś jeszcze, w czym mogę ci dzisiaj pomóc?",
            "CONFIRM": "{}",
            "CONFIRM_usage": "Chcesz wypożyczyć Człowiek, który wiedział za dużo z hiszpańskimi napisami. Czy czapka jest poprawna?",
            "NOTIFY_FAILURE": "{}",
            "NOTIFY_FAILURE_usage": "Nie mogłem wypożyczyć filmu. Coś jeszcze?"
        }
    },
    "Music_1": {
        "LookupSong": {
            "OFFER": "{}",
            "OFFER_usage": "Lubisz Adorn Miguela z jego albumu Kaleidoscope Dream?",
            "CONFIRM": "{}",
            "CONFIRM_usage": "Chcesz usłyszeć zdobienie w telewizji, prawda?",
            "INFORM_COUNT": "{}",
            "INFORM_COUNT_usage": "Znalazłem 10 opcji piosenek. Co powiesz na przepraszam Justina Biebera na potrzeby albumu?",
            "INFORM": "{}",
            "INFORM_usage": "Został wydany w 2018 roku",
            "REQ_MORE": "{}",
            "REQ_MORE_usage": "Czy mogę jeszcze pomóc?",
            "NOTIFY_FAILURE": "{}",
            "NOTIFY_FAILURE_usage": "Niestety nie mogę znaleźć nic innego, co spełnia Twoje kryteria. Czy chciałbyś pomóc w czymś jeszcze?"
        },
        "PlaySong": {
            "NOTIFY_SUCCESS": "{}",
            "NOTIFY_SUCCESS_usage": "Dobra, ciesz się swoją piosenką.",
            "INFORM": "{}",
            "INFORM_usage": "Tak, jest z 2012 roku.",
            "GOODBYE": "{}",
            "GOODBYE_usage": "W takim razie miłego dnia.",
            "CONFIRM": "{}",
            "CONFIRM_usage": "Potwierdź: Włącz sory na telewizorze.",
            "REQ_MORE": "{}",
            "REQ_MORE_usage": "Czy mogę w czymś jeszcze pomóc?",
            "REQUEST": "{}",
            "REQUEST_usage": "Którą piosenkę chciałbyś usłyszeć?"
        }
    },
    "Banks_2": {
        "CheckBalance": {
            "OFFER": "{}",
            "OFFER_usage": "Jasne, Twoje oszczędności w tej chwili wynoszą 9789,20 USD.",
            "REQUEST": "{}",
            "REQUEST_usage": "Na które konto mam spojrzeć?",
            "CONFIRM": "{}",
            "CONFIRM_usage": "OK, proszę potwierdzić następujące szczegóły: przelać 1490 $ na konto czekowe Swietłany z mojego konta oszczędnościowego.",
            "REQ_MORE": "{}",
            "REQ_MORE_usage": "Czy mogę w czymś jeszcze pomóc?",
            "INFORM_COUNT": "{}",
            "INFORM_COUNT_usage": "Pokażę ci 1 konto. Twoje konto czekowe ma bieżące saldo w wysokości 13 261,46 USD.",
            "NOTIFY_FAILURE": "{}",
            "NOTIFY_FAILURE_usage": "Przepraszam, ale nie mogłem uzyskać dostępu do Twojego konta. Czy mógłbym ci pomóc w czymś jeszcze?"
        },
        "TransferMoney": {
            "REQUEST": "{}",
            "REQUEST_usage": "Ile i komu?",
            "CONFIRM": "{}",
            "CONFIRM_usage": "Potwierdzenie przelewu 30 USD z oszczędności na konto czekowe Jasbir.",
            "INFORM": "{}",
            "INFORM_usage": "Zwykle trwa to 3 dni i przelew został zrealizowany.",
            "NOTIFY_SUCCESS": "{}",
            "NOTIFY_SUCCESS_usage": "Zwykle trwa to 3 dni i przelew został zrealizowany.",
            "REQ_MORE": "{}",
            "REQ_MORE_usage": "Czy jest coś jeszcze, co mogę dla ciebie zrobić?",
            "GOODBYE": "{}",
            "GOODBYE_usage": "Miłego dnia."
        }
    },
    "Weather_1": {
        "GetWeather": {
            "OFFER": "{}",
            "OFFER_usage": "Tak, średnia temperatura 74 stopnie Fahrenheita i 13-procentowe prawdopodobieństwo wystąpienia opadów.",
            "INFORM": "{}",
            "INFORM_usage": "Możesz spodziewać się 24-procentowej wilgotności i średniej prędkości wiatru 1 km/h.",
            "GOODBYE": "{}",
            "GOODBYE_usage": "Dziękuje miłego dnia.",
            "REQ_MORE": "{}",
            "REQ_MORE_usage": "W czymś jeszcze mógłbym Ci pomóc?",
            "REQUEST": "{}",
            "REQUEST_usage": "W jakim mieście sprawdzić pogodę?",
            "INFORM_COUNT": "{}",
            "INFORM_COUNT_usage": "1 wynik: temperatura wyniesie 81 stopni Fahrenheita z 28-procentową szansą na deszcz.",
            "NOTIFY_FAILURE": "{}",
            "NOTIFY_FAILURE_usage": "Przepraszam, nie mogłem cię zrozumieć. Czy potrzebujesz dalszej pomocy?"
        }
    },
    "Services_4": {
        "FindProvider": {
            "REQUEST": "{}",
            "REQUEST_usage": "w jakim mieście i jakiego terapeuty szukasz",
            "OFFER": "{}",
            "OFFER_usage": "znalazłem 2 doradców rodzinnych na ul. Helena. a co z ellsworth elizabeth",
            "INFORM_COUNT": "{}",
            "INFORM_COUNT_usage": "znalazłem 2 doradców rodzinnych na ul. Helena. a co z ellsworth elizabeth",
            "INFORM": "{}",
            "INFORM_usage": "możesz się z nimi skontaktować pod numerem 650-299-4827",
            "REQ_MORE": "{}",
            "REQ_MORE_usage": "co jeszcze mogę dla ciebie zrobić",
            "NOTIFY_FAILURE": "{}",
            "NOTIFY_FAILURE_usage": "Niestety nie udało mi się znaleźć innych terapeutów w tej okolicy. Czy mogę w czymś jeszcze pomóc?",
            "CONFIRM": "{}",
            "CONFIRM_usage": "Czy możesz potwierdzić dla mnie szczegóły? Chcesz się spotkać z Cassie L. O'Brien o 15:30 9 marca. Czy to prawda?",
            "GOODBYE": "{}",
            "GOODBYE_usage": "Cieszę się, że mogę ci pomóc. Miłego dnia!"
        },
        "BookAppointment": {
            "CONFIRM": "{}",
            "CONFIRM_usage": "proszę potwierdzić spotkanie z beckerem hubertem j 2 marca o 11:45",
            "INFORM": "{}",
            "INFORM_usage": "ich adres to 1150 Veterans Boulevard. Becker hubert j jest zarezerwowany na preferowaną godzinę. co powiesz na 2 marca o 12:00?",
            "OFFER": "{}",
            "OFFER_usage": "ich adres to 1150 Veterans Boulevard. Becker hubert j jest zarezerwowany na preferowaną godzinę. co powiesz na 2 marca o 12:00?",
            "NOTIFY_FAILURE": "{}",
            "NOTIFY_FAILURE_usage": "ich adres to 1150 Veterans Boulevard. Becker hubert j jest zarezerwowany na preferowaną godzinę. co powiesz na 2 marca o 12:00?",
            "REQ_MORE": "{}",
            "REQ_MORE_usage": "co jeszcze mogę dla ciebie zrobić",
            "GOODBYE": "{}",
            "GOODBYE_usage": "miłego dnia",
            "REQUEST": "{}",
            "REQUEST_usage": "Czy jest konkretna godzina, na którą chcesz zarezerwować wizytę?",
            "NOTIFY_SUCCESS": "{}",
            "NOTIFY_SUCCESS_usage": "Twoja żądana rezerwacja na spotkanie została dokonana. Wkrótce powinien dotrzeć do Ciebie e-mail potwierdzający Twoją rezerwację."
        }
    },
    "RentalCars_1": {
        "GetCarsAvailable": {
            "REQUEST": "{}",
            "REQUEST_usage": "Skąd i kiedy go chcesz?",
            "OFFER": "{}",
            "OFFER_usage": "OK, jest 6 opcji, w tym standardowy model Accord, który można odebrać na stacji Fremont BART 6 marca",
            "INFORM_COUNT": "{}",
            "INFORM_COUNT_usage": "OK, jest 6 opcji, w tym standardowy model Accord, który można odebrać na stacji Fremont BART 6 marca",
            "INFORM": "{}",
            "INFORM_usage": "Całkowity koszt Twojej rezerwacji to 56 USD.",
            "REQ_MORE": "{}",
            "REQ_MORE_usage": "Czy jest jeszcze coś, w czym mogę Ci pomóc?",
            "CONFIRM": "{}",
            "CONFIRM_usage": "Potwierdź, że chcesz zarezerwować standardowy samochód z Union Station, który zostanie odebrany 11 marca o godzinie 10:30 i zwrócony 13 marca.",
            "GOODBYE": "{}",
            "GOODBYE_usage": "Miłego dnia.",
            "NOTIFY_FAILURE": "{}",
            "NOTIFY_FAILURE_usage": "Przepraszamy, nie ma innych dostępnych samochodów. Czy jest coś, w czym mogę ci pomóc?"
        },
        "ReserveCar": {
            "CONFIRM": "{}",
            "CONFIRM_usage": "Jasne, więc chcesz ten kompaktowy samochód od 1 marca od 12:30 do 7 marca ze stacji Fremont BART, prawda?",
            "NOTIFY_SUCCESS": "{}",
            "NOTIFY_SUCCESS_usage": "Super, w takim razie zarezerwowane",
            "GOODBYE": "{}",
            "GOODBYE_usage": "Super, uważaj!",
            "INFORM": "{}",
            "INFORM_usage": "To będzie 136 dolarów.",
            "REQ_MORE": "{}",
            "REQ_MORE_usage": "Czy będziesz potrzebować mojej pomocy w czymś jeszcze?",
            "REQUEST": "{}",
            "REQUEST_usage": "Na jaką datę chcesz?",
            "NOTIFY_FAILURE": "{}",
            "NOTIFY_FAILURE_usage": "Nie mogę na to odpowiedzieć, ponieważ niestety nie mogłem zarezerwować samochodu. Czy mogę ci pomóc w czymś jeszcze?",
            "OFFER": "{}",
            "OFFER_usage": "Przepraszam, na próżno próbowałem. Czy chcesz dostać Priusa z międzynarodowego lotniska McCarran? Jest dostępny 3 marca i trzeba zapłacić 117 USD."
        }
    },
    "Homes_1": {
        "FindApartment": {
            "REQUEST": "{}",
            "REQUEST_usage": "OK, ile sypialni?",
            "OFFER": "{}",
            "OFFER_usage": "OK, Granada Apartments przy 41342 Roberts Avenue ma fajny pokój z 2 łóżkami i 1 łazienką za 2750 USD miesięcznie",
            "INFORM_COUNT": "{}",
            "INFORM_COUNT_usage": "Znalazłem 3, w tym Mission Peaks przy 1401 Red Hawk Circle, który ma 2 łóżka i 1 wannę za 2850 USD miesięcznie",
            "CONFIRM": "{}",
            "CONFIRM_usage": "Dla jasności: wizyta w Alborada Apartments 9 marca.",
            "INFORM": "{}",
            "INFORM_usage": "Lokal nie przyjmuje zwierząt i nie jest umeblowany.",
            "GOODBYE": "{}",
            "GOODBYE_usage": "Miłego dnia.",
            "REQ_MORE": "{}",
            "REQ_MORE_usage": "Czy mogę zrobić coś jeszcze?",
            "NOTIFY_FAILURE": "{}",
            "NOTIFY_FAILURE_usage": "Przykro mi, ale niestety nie mogę znaleźć odpowiedniego mieszkania. Czy mogę ci pomóc w czymś jeszcze?"
        },
        "ScheduleVisit": {
            "CONFIRM": "{}",
            "CONFIRM_usage": "Więc wizyta w Felson Management Corporation 3 marca?",
            "INFORM": "{}",
            "INFORM_usage": "To zaplanowane. Żadnych zwierząt, przepraszam. I zadzwoń do nich pod numer 510-656-2303, jeśli chcesz",
            "NOTIFY_SUCCESS": "{}",
            "NOTIFY_SUCCESS_usage": "To zaplanowane. Żadnych zwierząt, przepraszam. I zadzwoń do nich pod numer 510-656-2303, jeśli chcesz",
            "REQUEST": "{}",
            "REQUEST_usage": "Będziesz odwiedzał mieszkanie 4 marca?",
            "GOODBYE": "{}",
            "GOODBYE_usage": "Miłego dnia.",
            "REQ_MORE": "{}",
            "REQ_MORE_usage": "Czy potrzebujesz dalszej pomocy?",
            "NOTIFY_FAILURE": "{}",
            "NOTIFY_FAILURE_usage": "Przepraszamy, muszę poinformować, że nie udało się umówić wizyty. Czy potrzebujesz dalszej pomocy?"
        }
    },
    "Alarm_1": {
        "GetAlarms": {
            "OFFER": "{}",
            "OFFER_usage": "Masz teraz włączone 2 alarmy. Jest jeden na 6 rano, aby się obudzić.",
            "INFORM_COUNT": "{}",
            "INFORM_COUNT_usage": "Masz teraz włączone 2 alarmy. Jest jeden na 6 rano, aby się obudzić.",
            "REQUEST": "{}",
            "REQUEST_usage": "Tak, mogę to zrobić. O której godzinie mam to dodać?",
            "CONFIRM": "{}",
            "CONFIRM_usage": "Dobrze, żeby sprawdzić, czy chcesz, żebym skonfigurował nowy alarm na 16:30 o nazwie Wyjdź do domu?",
            "REQ_MORE": "{}",
            "REQ_MORE_usage": "Czy mogę dzisiaj pomóc w czymś jeszcze?",
            "GOODBYE": "{}",
            "GOODBYE_usage": "Dziękuję Ci.",
            "NOTIFY_FAILURE": "{}",
            "NOTIFY_FAILURE_usage": "Niestety nie mam żadnych alarmów na Twoim urządzeniu. Czy będę w czymś jeszcze pomocny?"
        },
        "AddAlarm": {
            "REQUEST": "{}",
            "REQUEST_usage": "O której godzinie chcesz ustawić ten alarm?",
            "CONFIRM": "{}",
            "CONFIRM_usage": "Dobrze, potwierdź, że chcesz utworzyć alarm o 16:00 o nazwie sprzątania.",
            "NOTIFY_SUCCESS": "{}",
            "NOTIFY_SUCCESS_usage": "Udało mi się uruchomić alarm.",
            "REQ_MORE": "{}",
            "REQ_MORE_usage": "Potrzebujesz pomocy z czymś innym?",
            "GOODBYE": "{}",
            "GOODBYE_usage": "Dzięki.",
            "NOTIFY_FAILURE": "{}",
            "NOTIFY_FAILURE_usage": "Niestety nie udało mi się ustawić alarmu. Czy jest jeszcze coś, w czym mogę Ci pomóc?",
            "OFFER": "{}",
            "OFFER_usage": "Przepraszam, nie mogłem tego ustawić. Czy wolisz 17:15 i nazywasz to Nowy alarm?"
        }
    },
    "Hotels_4": {
        "SearchHotel": {
            "REQUEST": "{}",
            "REQUEST_usage": "Czy masz jakieś pożądane miejsce do wyszukiwania hotelu.",
            "OFFER": "{}",
            "OFFER_usage": "Znaleziono 5-gwiazdkowy hotel o nazwie 45 Park Lane.",
            "INFORM": "{}",
            "INFORM_usage": "Brak pozwolenia na palenie, nie pozwalają na to.",
            "CONFIRM": "{}",
            "CONFIRM_usage": "Proszę potwierdzić rezerwację 1 pokoju na 12 dni w hotelu Abercorn House od dzisiaj w Londynie.",
            "INFORM_COUNT": "{}",
            "INFORM_COUNT_usage": "Znalazłem 2 hotele, które mogą Ci się spodobać. Jeden hotel nazywa się Shangri-la Hotel, Vancouver; to 5-gwiazdkowy hotel.",
            "REQ_MORE": "{}",
            "REQ_MORE_usage": "Czy mogę w czymś jeszcze pomóc?",
            "GOODBYE": "{}",
            "GOODBYE_usage": "OK. Wiesz gdzie mnie znaleźć.",
            "NOTIFY_FAILURE": "{}",
            "NOTIFY_FAILURE_usage": "Nie udało mi się znaleźć innych hoteli spełniających Twoje wymagania. Czy jest jeszcze coś, w czym mogę Ci pomóc?"
        },
        "ReserveHotel": {
            "NOTIFY_SUCCESS": "{}",
            "NOTIFY_SUCCESS_usage": "Twoja rezerwacja została pomyślnie potwierdzona.",
            "INFORM": "{}",
            "INFORM_usage": "Adres to 28-30 Bute Gardens.",
            "REQ_MORE": "{}",
            "REQ_MORE_usage": "Potrzebujesz czegoś jeszcze?",
            "GOODBYE": "{}",
            "GOODBYE_usage": "Miłego dnia.",
            "REQUEST": "{}",
            "REQUEST_usage": "Jak długo musisz tam zostać?",
            "CONFIRM": "{}",
            "CONFIRM_usage": "Więc chcesz, żebym potwierdził twoje zameldowanie jutro w 3 pokojach na 12 dni w Alila Bangsar w Kuala Lumpur, tak?",
            "NOTIFY_FAILURE": "{}",
            "NOTIFY_FAILURE_usage": "O jej! Nie mogłem zarezerwować twojego hotelu. Bardzo mi przykro z tego powodu. Czy mogę ci pomóc w czymś jeszcze?"
        }
    },
    "Hotels_1": {
        "SearchHotel": {
            "REQUEST": "{}",
            "REQUEST_usage": "Dobrze, będę szukać tylko hoteli z Wi-Fi, ale zanim zacznę szukać, muszę wiedzieć, w jakim mieście mam szukać.",
            "OFFER": "{}",
            "OFFER_usage": "Znalazłem 10 hoteli spełniających Twoje kryteria. Co powiesz na Best Western Plus Sutter House? Jest to 1-gwiazdkowy hotel.",
            "INFORM_COUNT": "{}",
            "INFORM_COUNT_usage": "Znalazłem 10 hoteli spełniających Twoje kryteria. Co powiesz na Best Western Plus Sutter House? Jest to 1-gwiazdkowy hotel.",
            "INFORM": "{}",
            "INFORM_usage": "Ich numer telefonu to +1 212-703-2001. Koszt to 150 dolarów za noc.",
            "CONFIRM": "{}",
            "CONFIRM_usage": "Chciałbym potwierdzić, że w najbliższą środę chciałbyś zatrzymać się w hotelu 11 Howard w Nowym Jorku. Chciałeś 1 pokój i chciałbyś zostać na 3 dni. Czy to jest poprawne?",
            "REQ_MORE": "{}",
            "REQ_MORE_usage": "Czy jest jeszcze coś, w czym mogę Ci pomóc?",
            "GOODBYE": "{}",
            "GOODBYE_usage": "Miłego dnia!"
        },
        "ReserveHotel": {
            "REQUEST": "{}",
            "REQUEST_usage": "Ok, kiedy chcesz się zameldować?",
            "CONFIRM": "{}",
            "CONFIRM_usage": "Dobra. Proszę potwierdzić, że: zarezerwuj 1 pokój na 3 dni od dziś w hotelu Best Western Plus Sutter w Sacramento.",
            "NOTIFY_SUCCESS": "{}",
            "NOTIFY_SUCCESS_usage": "Twoja rezerwacja została pomyślnie dokonana.",
            "INFORM": "{}",
            "INFORM_usage": "Adres hotelu to ulica 1100 H.",
            "REQ_MORE": "{}",
            "REQ_MORE_usage": "Nie ma problemu. To będzie wszystko?",
            "GOODBYE": "{}",
            "GOODBYE_usage": "Dobrze, miłego pobytu i daj mi znać, jeśli będziesz czegoś jeszcze potrzebować.",
            "NOTIFY_FAILURE": "{}",
            "NOTIFY_FAILURE_usage": "Przepraszamy, nie mogłem znaleźć żadnych pokoi spełniających Twoje wymagania. Czy mogę pomóc w czymś innym?"
        }
    },
    "Events_1": {
        "FindEvents": {
            "REQUEST": "{}",
            "REQUEST_usage": "Na jakie wydarzenie masz ochotę pójść? Muzyka, sport, cokolwiek innego? A gdzie chciałbyś, żebym zajrzał?",
            "OFFER": "{}",
            "OFFER_usage": "Oczywiście! Cóż, znalazłem 10, jest mecz Eagles vs Cowboys 14 marca o 20:00. To jest w Lincoln Financial Field. Jak to brzmi?",
            "INFORM_COUNT": "{}",
            "INFORM_COUNT_usage": "Oczywiście! Cóż, znalazłem 10, jest mecz Eagles vs Cowboys 14 marca o 20:00. To jest w Lincoln Financial Field. Jak to brzmi?",
            "GOODBYE": "{}",
            "GOODBYE_usage": "Moja przyjemność, miłego dnia!",
            "REQ_MORE": "{}",
            "REQ_MORE_usage": "Czy potrzebujesz pomocy w czymś jeszcze?",
            "INFORM": "{}",
            "INFORM_usage": "Jasne, adres miejsca to 1280 Peachtree Street Northeast, czy mam ci w czymś jeszcze pomóc?",
            "CONFIRM": "{}",
            "CONFIRM_usage": "Ok, potwierdzam 4 bilety na Amber Run Brooklyn 14 marca w Nowym Jorku.",
            "NOTIFY_FAILURE": "{}",
            "NOTIFY_FAILURE_usage": "Przykro mi, że to jedyne wydarzenie rockowe w tym dniu."
        },
        "BuyEventTickets": {
            "CONFIRM": "{}",
            "CONFIRM_usage": "Chcesz 3 bilety na koncert Fidlara w San Diego 13 marca?",
            "INFORM": "{}",
            "INFORM_usage": "To jest aleja uniwersytecka 2891. Zrobiłem rezerwację. Mam nadzieję, że spodoba ci się przedstawienie.",
            "NOTIFY_SUCCESS": "{}",
            "NOTIFY_SUCCESS_usage": "To jest aleja uniwersytecka 2891. Zrobiłem rezerwację. Mam nadzieję, że spodoba ci się przedstawienie.",
            "REQ_MORE": "{}",
            "REQ_MORE_usage": "Czy byłoby coś jeszcze?",
            "GOODBYE": "{}",
            "GOODBYE_usage": "Ciesz się dniem.",
            "REQUEST": "{}",
            "REQUEST_usage": "Ile biletów potrzebujesz?",
            "NOTIFY_FAILURE": "{}",
            "NOTIFY_FAILURE_usage": "Niestety nie udało mi się zarezerwować dla Ciebie tego biletu, czy jest coś, czego byś chciał?"
        }
    },
    "Restaurants_2": {
        "ReserveRestaurant": {
            "REQUEST": "{}",
            "REQUEST_usage": "W jakim mieście chcesz zjeść? Masz ulubioną restaurację?",
            "CONFIRM": "{}",
            "CONFIRM_usage": "Potwierdzam: zarezerwuję stolik dla 2 osób w Sino w San Jose. Czas rezerwacji to 11:30 dzisiaj.",
            "INFORM": "{}",
            "INFORM_usage": "Twoja rezerwacja została dokonana. Ich numer telefonu to 408-247-8880.",
            "NOTIFY_SUCCESS": "{}",
            "NOTIFY_SUCCESS_usage": "Twoja rezerwacja została dokonana. Ich numer telefonu to 408-247-8880.",
            "REQ_MORE": "{}",
            "REQ_MORE_usage": "Czy jest jeszcze coś, w czym mogę Ci pomóc?",
            "GOODBYE": "{}",
            "GOODBYE_usage": "Miłego dnia.",
            "NOTIFY_FAILURE": "{}",
            "NOTIFY_FAILURE_usage": "Przepraszam. Rezerwacja nie powiodła się. Czy jest jeszcze coś, w czym mogę Ci pomóc?",
            "OFFER": "{}",
            "OFFER_usage": "Nie można było dokonać rezerwacji. Chcesz zrobić rezerwację dla 1 osoby dzisiaj na 11:00 w Andes Cafe San Mateo?"
        },
        "FindRestaurants": {
            "REQUEST": "{}",
            "REQUEST_usage": "Pewny. Jaki rodzaj jedzenia Cię interesuje i gdzie powinien być?",
            "OFFER": "{}",
            "OFFER_usage": "Udało mi się znaleźć 5 restauracji w San Francisco, które warto odwiedzić. Pierwsza to B Star, czyli bardzo przyjemna restauracja.",
            "INFORM_COUNT": "{}",
            "INFORM_COUNT_usage": "Udało mi się znaleźć 5 restauracji w San Francisco, które warto odwiedzić. Pierwsza to B Star, czyli bardzo przyjemna restauracja.",
            "CONFIRM": "{}",
            "CONFIRM_usage": "Zarezerwuj stolik w Chili's Grill & Bar w Santa Clara dzisiaj na 19:00 dla 3 osób. Zgadza się?",
            "INFORM": "{}",
            "INFORM_usage": "Nie, oni nie.",
            "REQ_MORE": "{}",
            "REQ_MORE_usage": "Czy będzie coś jeszcze?",
            "NOTIFY_FAILURE": "{}",
            "NOTIFY_FAILURE_usage": "Przepraszamy, nie mogłem znaleźć rezerwacji, co jeszcze mogę spróbować",
            "GOODBYE": "{}",
            "GOODBYE_usage": "Bez obaw, ciesz się dniem!"
        }
    },
    "Flights_3": {
        "SearchOnewayFlight": {
            "REQUEST": "{}",
            "REQUEST_usage": "Gdzie i kiedy zamierzasz wyjechać?",
            "OFFER": "{}",
            "OFFER_usage": "Udało mi się znaleźć dla Ciebie 4 loty, z których jeden jest lotem Air Canada z jedną przesiadką i odlatuje o 4:20, co kosztuje 322 USD.",
            "INFORM_COUNT": "{}",
            "INFORM_COUNT_usage": "Udało mi się znaleźć dla Ciebie 4 loty, z których jeden jest lotem Air Canada z jedną przesiadką i odlatuje o 4:20, co kosztuje 322 USD.",
            "REQ_MORE": "{}",
            "REQ_MORE_usage": "Czy mógłbym ci jeszcze pomóc?",
            "GOODBYE": "{}",
            "GOODBYE_usage": "Jasne, miłego dnia!",
            "INFORM": "{}",
            "INFORM_usage": "Samolot przylatuje o 19:07 czasu lokalnego tego samego dnia.",
            "NOTIFY_FAILURE": "{}",
            "NOTIFY_FAILURE_usage": "Nie, nic więcej. Czy mogę zrobić dla ciebie coś więcej?"
        },
        "SearchRoundtripFlights": {
            "OFFER": "{}",
            "OFFER_usage": "Mam 1 lot, który myślę, że ci się spodoba. A może Southwest Airlines? Samolot odlatuje o 19:15, a wraca o 18:55 czasu lokalnego. Kosztuje 485 USD za osobę.",
            "INFORM_COUNT": "{}",
            "INFORM_COUNT_usage": "Mam 1 lot, który myślę, że ci się spodoba. A może Southwest Airlines? Samolot odlatuje o 19:15, a wraca o 18:55 czasu lokalnego. Kosztuje 485 USD za osobę.",
            "GOODBYE": "{}",
            "GOODBYE_usage": "Miłego dnia.",
            "REQUEST": "{}",
            "REQUEST_usage": "W jaki dzień chcesz wrócić?",
            "INFORM": "{}",
            "INFORM_usage": "Przyleci na międzynarodowe lotnisko Hartsfield-Jackson",
            "REQ_MORE": "{}",
            "REQ_MORE_usage": "Czy mogę zrobić coś jeszcze dla ciebie?"
        }
    },
    "RideSharing_1": {
        "GetRide": {
            "REQUEST": "{}",
            "REQUEST_usage": "Ile osób potrzebujesz? I czy wspólne prawo jest w porządku?",
            "CONFIRM": "{}",
            "CONFIRM_usage": "Potwierdź, że potrzebujesz wspólnej taksówki dla 1 osoby do Wang Wah. Tak?",
            "INFORM": "{}",
            "INFORM_usage": "Będzie kosztować 11,08 USD i zajmie około 9 minut. Twoja taksówka jest w drodze",
            "NOTIFY_SUCCESS": "{}",
            "NOTIFY_SUCCESS_usage": "Będzie kosztować 11,08 USD i zajmie około 9 minut. Twoja taksówka jest w drodze",
            "REQ_MORE": "{}",
            "REQ_MORE_usage": "Potrzebujesz czegoś jeszcze?",
            "GOODBYE": "{}",
            "GOODBYE_usage": "Ciesz się jazdą taksówką",
            "NOTIFY_FAILURE": "{}",
            "NOTIFY_FAILURE_usage": "Nie mogłem cię podwieźć. Czy jest coś jeszcze, co mogę dla ciebie zrobić?"
        }
    },
    "Travel_1": {
        "FindAttractions": {
            "REQUEST": "{}",
            "REQUEST_usage": "Gdzie teraz jesteś?",
            "OFFER": "{}",
            "OFFER_usage": "W pobliżu jest 10. Ale dlaczego nie spojrzysz na 30. Mary Axe (The Gherkin). Jest naprawdę duży i stanowi historyczny punkt orientacyjny.",
            "INFORM_COUNT": "{}",
            "INFORM_COUNT_usage": "W pobliżu jest 10. Ale dlaczego nie spojrzysz na 30. Mary Axe (The Gherkin). Jest naprawdę duży i stanowi historyczny punkt orientacyjny.",
            "GOODBYE": "{}",
            "GOODBYE_usage": "Miłej wizyty.",
            "INFORM": "{}",
            "INFORM_usage": "Ich numer telefonu to 415-865-2000.",
            "REQ_MORE": "{}",
            "REQ_MORE_usage": "Serdecznie zapraszamy, czy to wszystko?",
            "NOTIFY_FAILURE": "{}",
            "NOTIFY_FAILURE_usage": "Nie mogę znaleźć dla ciebie nic innego w salach widowiskowych. Czy jest coś jeszcze, czego mogę szukać?"
        }
    },
    "Movies_2": {
        "FindMovies": {
            "OFFER": "{}",
            "OFFER_usage": "Znalazłem film Ostatni smok. Ma średnią ocen 6,9.",
            "REQ_MORE": "{}",
            "REQ_MORE_usage": "Potrzebujesz czegoś jeszcze?",
            "GOODBYE": "{}",
            "GOODBYE_usage": "Cieszę się, że mogę pomóc.",
            "INFORM_COUNT": "{}",
            "INFORM_COUNT_usage": "Jest 10 filmów. Co sądzisz o Dr. Strangelove, który ma średnią ocen 8,4",
            "INFORM": "{}",
            "INFORM_usage": "Stanley Kubrick jest reżyserem, a film jest gatunkiem komediowym",
            "NOTIFY_FAILURE": "{}",
            "NOTIFY_FAILURE_usage": "nie ma innych filmów"
        }
    },
    "Buses_1": {
        "BuyBusTicket": {
            "REQUEST": "{}",
            "REQUEST_usage": "Kiedy wyjeżdżasz?",
            "CONFIRM": "{}",
            "CONFIRM_usage": "Proszę potwierdzić, 2 bilety autobusowe z San Diego do Fresno na 8 marca na 10:30.",
            "NOTIFY_SUCCESS": "{}",
            "NOTIFY_SUCCESS_usage": "Twoje bilety są potwierdzone.",
            "INFORM": "{}",
            "INFORM_usage": "To jedzie na Dworzec Śródmieście. Nie udało mi się kupić biletu. Czy autobus odjeżdża o 16:30? Kosztuje 42 dolary.",
            "OFFER": "{}",
            "OFFER_usage": "To jedzie na Dworzec Śródmieście. Nie udało mi się kupić biletu. Czy autobus odjeżdża o 16:30? Kosztuje 42 dolary.",
            "NOTIFY_FAILURE": "{}",
            "NOTIFY_FAILURE_usage": "To jedzie na Dworzec Śródmieście. Nie udało mi się kupić biletu. Czy autobus odjeżdża o 16:30? Kosztuje 42 dolary.",
            "REQ_MORE": "{}",
            "REQ_MORE_usage": "Przepraszam, nie mogłem kupić tego biletu, czy jest coś jeszcze, co mogę dla Ciebie zrobić?",
            "GOODBYE": "{}",
            "GOODBYE_usage": "Miłego dnia!"
        },
        "FindBus": {
            "REQUEST": "{}",
            "REQUEST_usage": "Skąd państwo wyjeżdżacie?",
            "OFFER": "{}",
            "OFFER_usage": "Jest autobus o 7:20 z 0 przesiadkami za 40 USD.",
            "INFORM": "{}",
            "INFORM_usage": "Prowadzi ze stacji Fresno do Union Plaza.",
            "INFORM_COUNT": "{}",
            "INFORM_COUNT_usage": "Co z autobusem o 11:00, który ma 0 przesiadek za 58 USD. Jeśli to nie zadziała, mam dla ciebie 6 innych autobusów",
            "REQ_MORE": "{}",
            "REQ_MORE_usage": "Czy jest coś jeszcze, co mogę dla ciebie zrobić?",
            "CONFIRM": "{}",
            "CONFIRM_usage": "las vegas fresno 9 marca 7:10 2 osoby",
            "GOODBYE": "{}",
            "GOODBYE_usage": "Ciesz się dniem."
        }
    },
    "Hotels_3": {
        "SearchHotel": {
            "OFFER": "{}",
            "OFFER_usage": "Co powiesz na 1 Hotel Brooklyn Bridge z oceną 4,5?",
            "CONFIRM": "{}",
            "CONFIRM_usage": "Dla pewności chcesz zarezerwować 2 pokoje w Howard 11 w Nowym Jorku z zameldowaniem 5 marca i wymeldowaniem 8 marca.",
            "INFORM_COUNT": "{}",
            "INFORM_COUNT_usage": "Znalazłem 10. Jest 1 hotel Brooklyn Bridge z oceną 4,5.",
            "REQUEST": "{}",
            "REQUEST_usage": "W jakich terminach chcesz się zameldować i wymeldować?",
            "REQ_MORE": "{}",
            "REQ_MORE_usage": "Czy jest coś jeszcze, co mogę zrobić, aby pomóc?",
            "INFORM": "{}",
            "INFORM_usage": "Numer telefonu do hotelu to +1 833-625-6111 i tak, akceptują zwierzęta.",
            "GOODBYE": "{}",
            "GOODBYE_usage": "Miłego dnia!"
        },
        "ReserveHotel": {
            "INFORM": "{}",
            "INFORM_usage": "Twoja rezerwacja na Howard Street 11 jest gotowa.",
            "NOTIFY_SUCCESS": "{}",
            "NOTIFY_SUCCESS_usage": "Twoja rezerwacja na Howard Street 11 jest gotowa.",
            "REQ_MORE": "{}",
            "REQ_MORE_usage": "Czy mogę jeszcze w czymś pomóc?",
            "GOODBYE": "{}",
            "GOODBYE_usage": "Baw się dobrze!",
            "REQUEST": "{}",
            "REQUEST_usage": "Kiedy spodziewasz się zameldowania?",
            "CONFIRM": "{}",
            "CONFIRM_usage": "Dobrze, pozwól mi się upewnić. Chcesz zarezerwować 3 pokoje przy 45 Park Lane w Londynie od 4 marca do 11 marca.",
            "NOTIFY_FAILURE": "{}",
            "NOTIFY_FAILURE_usage": "Przykro mi, ale nie mogę znaleźć pokoju spełniającego te wymagania. Czy jest coś jeszcze, co mogę zrobić, aby pomóc?"
        }
    },
    "Buses_2": {
        "BuyBusTicket": {
            "REQUEST": "{}",
            "REQUEST_usage": "Jasne, mogę ci pomóc. Skąd wyjeżdżasz?",
            "CONFIRM": "{}",
            "CONFIRM_usage": "Jasne, potwierdź wyjazd z Anaheim 8 marca o 16:15, aby otrzymać 1 bilet ekonomiczny na wylot z San Diego. Czy to jest poprawne?",
            "NOTIFY_FAILURE": "{}",
            "NOTIFY_FAILURE_usage": "Przepraszam, że nie mogę zarezerwować Twojej prośby. Czy możemy spróbować innej prośby?",
            "REQ_MORE": "{}",
            "REQ_MORE_usage": "Przepraszam, że nie mogę zarezerwować Twojej prośby. Czy możemy spróbować innej prośby?",
            "OFFER": "{}",
            "OFFER_usage": "Przepraszam, że nie mogę zarezerwować tego biletu. Czy mogę zaproponować autobus o 17:30 za 43 dolary?",
            "NOTIFY_SUCCESS": "{}",
            "NOTIFY_SUCCESS_usage": "Twój bilet autobusowy został potwierdzony.",
            "INFORM": "{}",
            "INFORM_usage": "To magazyn Santa Fe. Niestety zakup biletu nie powiódł się. Autobus odjeżdża o 14:10 z ceną biletu 42 USD. czy to byłoby dla Ciebie ok?",
            "GOODBYE": "{}",
            "GOODBYE_usage": "Miłego dnia."
        },
        "FindBus": {
            "OFFER": "{}",
            "OFFER_usage": "Firma Flexible oferuje bilet za 42 USD na przejazd autobusem, który odjeżdża o 8:30.",
            "GOODBYE": "{}",
            "GOODBYE_usage": "Porozmawiamy później!",
            "INFORM_COUNT": "{}",
            "INFORM_COUNT_usage": "Jest 10 autobusów, które mogą Ci się spodobać. Istnieje bilet autobusowy Economy, który odjeżdża o 7 rano. Jego cena wynosi 43 dolary.",
            "INFORM": "{}",
            "INFORM_usage": "Odjeżdża z Salesforce Transit Center i dociera do Union Station.",
            "REQ_MORE": "{}",
            "REQ_MORE_usage": "Czy jest jeszcze coś, w czym mogę Ci pomóc?",
            "REQUEST": "{}",
            "REQUEST_usage": "Możesz mi powiedzieć, kiedy chcesz wyjechać? Wyjeżdżasz 1 marca?",
            "CONFIRM": "{}",
            "CONFIRM_usage": "Okay pewnie. Aby potwierdzić: chcesz zarezerwować 4 bilety na autobus ekonomiczny z Filadelfii do Nowego Jorku, który odjeżdża 7 marca o 8:30."
        }
    },
    "Banks_1": {
        "TransferMoney": {
            "REQUEST": "{}",
            "REQUEST_usage": "Z pewnością. Ile kosztuje eprzelew iz jakiego konta mam go wysłać",
            "CONFIRM": "{}",
            "CONFIRM_usage": "Aby potwierdzić: Chcesz wysłać 860 $ ze swojego konta czekowego na konto czekowe należące do Toma. Czy to jest poprawne?",
            "NOTIFY_SUCCESS": "{}",
            "NOTIFY_SUCCESS_usage": "Twój transfer został zakończony.",
            "REQ_MORE": "{}",
            "REQ_MORE_usage": "Czy mogę zrobić coś jeszcze dla ciebie?"
        },
        "CheckBalance": {
            "REQUEST": "{}",
            "REQUEST_usage": "Pewny. Na jakie konto?",
            "OFFER": "{}",
            "OFFER_usage": "Twoje saldo na koncie czekowym wynosi 13 765,58 USD.",
            "REQ_MORE": "{}",
            "REQ_MORE_usage": "Czy mogę w czymś jeszcze pomóc?",
            "INFORM_COUNT": "{}",
            "INFORM_COUNT_usage": "Znalazłem 1 konto oszczędnościowe z saldem 11 817,54 USD.",
            "GOODBYE": "{}",
            "GOODBYE_usage": "Miłego dnia!",
            "NOTIFY_FAILURE": "{}",
            "NOTIFY_FAILURE_usage": "Niestety nie mogłem uzyskać dostępu do Twojego konta. Czy będziesz potrzebować czegoś jeszcze?",
            "CONFIRM": "{}",
            "CONFIRM_usage": "W porządku! Czy możesz potwierdzić następujące szczegóły? Przelewasz 1290 $ ze swojego konta czekowego na konto czekowe Xiaoxue."
        }
    },
    "Media_1": {
        "FindMovies": {
            "OFFER": "{}",
            "OFFER_usage": "Tak. Są 4 filmy, które mogą Ci się spodobać. A co z Breakthrough, JT LeRoy czy Searching for Sugar Man?",
            "INFORM_COUNT": "{}",
            "INFORM_COUNT_usage": "Tak. Są 4 filmy, które mogą Ci się spodobać. A co z Breakthrough, JT LeRoy czy Searching for Sugar Man?",
            "GOODBYE": "{}",
            "GOODBYE_usage": "Miłego dnia.",
            "REQUEST": "{}",
            "REQUEST_usage": "Jaki typ filmów preferujesz?",
            "REQ_MORE": "{}",
            "REQ_MORE_usage": "Czy mogę jeszcze w czymś pomóc?",
            "CONFIRM": "{}",
            "CONFIRM_usage": "jak wytresować smoka: Ukryty świat bez napisów",
            "NOTIFY_FAILURE": "{}",
            "NOTIFY_FAILURE_usage": "Nie mogłem znaleźć innych odpowiednich filmów. Jak jeszcze mogę Ci pomóc?"
        },
        "PlayMovie": {
            "CONFIRM": "{}",
            "CONFIRM_usage": "Chciałbyś oglądać Dogmana bez napisów. Czy to jest poprawne?",
            "INFORM": "{}",
            "INFORM_usage": "To dramat wyreżyserowany przez Matteo Garrone. Zacznie się teraz.",
            "NOTIFY_SUCCESS": "{}",
            "NOTIFY_SUCCESS_usage": "To dramat wyreżyserowany przez Matteo Garrone. Zacznie się teraz.",
            "GOODBYE": "{}",
            "GOODBYE_usage": "Miłego dnia.",
            "REQUEST": "{}",
            "REQUEST_usage": "Jaki film chciałbyś obejrzeć?",
            "REQ_MORE": "{}",
            "REQ_MORE_usage": "Czy potrzebujesz dalszej pomocy?",
            "NOTIFY_FAILURE": "{}",
            "NOTIFY_FAILURE_usage": "Nie mogłem odtworzyć filmu. Czy mogę zrobić coś jeszcze dla ciebie."
        }
    },
    "Music_2": {
        "PlayMedia": {
            "CONFIRM": "{}",
            "CONFIRM_usage": "Chcesz, żebym puścił Stitches na twoim głośniku w sypialni. Czy to jest poprawne?",
            "INFORM": "{}",
            "INFORM_usage": "To z Odręcznego. Zacznie się teraz.",
            "NOTIFY_SUCCESS": "{}",
            "NOTIFY_SUCCESS_usage": "To z Odręcznego. Zacznie się teraz.",
            "REQUEST": "{}",
            "REQUEST_usage": "Jasne, którą piosenkę mam dla ciebie zagrać?",
            "REQ_MORE": "{}",
            "REQ_MORE_usage": "Czy mogę pomóc w czymś jeszcze?",
            "GOODBYE": "{}",
            "GOODBYE_usage": "Miłego dnia!"
        },
        "LookupMusic": {
            "OFFER": "{}",
            "OFFER_usage": "Chyba właśnie znalazłem 1 piosenkę, która Ci się spodoba. Co sądzisz o Glad You Came zespołu The Wanted na ich albumie Battleground?",
            "INFORM_COUNT": "{}",
            "INFORM_COUNT_usage": "Chyba właśnie znalazłem 1 piosenkę, która Ci się spodoba. Co sądzisz o Glad You Came zespołu The Wanted na ich albumie Battleground?",
            "CONFIRM": "{}",
            "CONFIRM_usage": "Czy na pewno chcesz włączyć Glad You Came na głośniku w kuchni?",
            "INFORM": "{}",
            "INFORM_usage": "To jest pop.",
            "REQ_MORE": "{}",
            "REQ_MORE_usage": "Czy jest jeszcze coś, w czym mogę Ci pomóc?",
            "NOTIFY_FAILURE": "{}",
            "NOTIFY_FAILURE_usage": "Nie mogłem znaleźć innej piosenki pasującej do Twojego zapytania. Czy mogę pomóc w czymś innym?"
        }
    },
    "Restaurants_1": {
        "FindRestaurants": {
            "REQUEST": "{}",
            "REQUEST_usage": "Gdzie?",
            "OFFER": "{}",
            "OFFER_usage": "W San Francisco jest dobry, który nazywa się Alice's.",
            "INFORM": "{}",
            "INFORM_usage": "Możesz się z nimi skontaktować pod numerem 415-282-8999, ale nie ma muzyki na żywo.",
            "CONFIRM": "{}",
            "CONFIRM_usage": "Nie ma problemu. Proszę o potwierdzenie następujących informacji: Rezerwacja stolika dla 2 osób o 1760 w San Francisco na 17:15 1 marca. Prawidłowy?",
            "INFORM_COUNT": "{}",
            "INFORM_COUNT_usage": "Dobra! Znalazłem 10 restauracji, które mogą Ci się przydać. Jedna z nich, niezła, to 2g Japanese Brasserie w San Francisco.",
            "REQ_MORE": "{}",
            "REQ_MORE_usage": "Czy potrzebujesz więcej pomocy?",
            "GOODBYE": "{}",
            "GOODBYE_usage": "Miłego dnia.",
            "NOTIFY_FAILURE": "{}",
            "NOTIFY_FAILURE_usage": "Nie ma innych miejsc spełniających Twoje kryteria. Czy potrzebujesz więcej pomocy?"
        },
        "ReserveRestaurant": {
            "REQUEST": "{}",
            "REQUEST_usage": "Jaki czas?",
            "CONFIRM": "{}",
            "CONFIRM_usage": "Zarezerwuję stolik 1 marca dla 2 osób o 17:00 w San Francisco u Alice's za twoją zgodą.",
            "NOTIFY_SUCCESS": "{}",
            "NOTIFY_SUCCESS_usage": "Stół zostanie dla ciebie przygotowany.",
            "OFFER": "{}",
            "OFFER_usage": "Bardzo mi przykro, ale nie mogłem wtedy dokonać rezerwacji dla Ciebie. Co powiesz na stolik dla 2 osób o 17:60 na 17:00 1 marca?",
            "NOTIFY_FAILURE": "{}",
            "NOTIFY_FAILURE_usage": "Bardzo mi przykro, ale nie mogłem wtedy dokonać rezerwacji dla Ciebie. Co powiesz na stolik dla 2 osób o 17:60 na 17:00 1 marca?",
            "INFORM": "{}",
            "INFORM_usage": "Powiedziałbym, że są dość drogie, ale jedzenie jest świetne. Nie mają jednak muzyki na żywo.",
            "REQ_MORE": "{}",
            "REQ_MORE_usage": "Nie mogę zarezerwować stolika, pytaj mnie o cokolwiek innego",
            "GOODBYE": "{}",
            "GOODBYE_usage": "Miłego dnia."
        }
    },
    "Calendar_1": {
        "AddEvent": {
            "REQUEST": "{}",
            "REQUEST_usage": "Potrzebuję nazwiska i godziny, a jeśli mam rację, to jest to 1599 Sanchez Street.",
            "CONFIRM": "{}",
            "CONFIRM_usage": "Za Twoją zgodą oznaczę Twój kalendarz Jedzenie 1 marca o 16:45 lokalizacją 1599 Sanchez Street.",
            "NOTIFY_SUCCESS": "{}",
            "NOTIFY_SUCCESS_usage": "Twój harmonogram odzwierciedla teraz wydarzenie.",
            "REQ_MORE": "{}",
            "REQ_MORE_usage": "Co jeszcze potrzebujesz?",
            "GOODBYE": "{}",
            "GOODBYE_usage": "Baw się dobrze już dziś."
        },
        "GetAvailableTime": {
            "OFFER": "{}",
            "OFFER_usage": "Jesteś wolny od 14:00 do 21:30 5 marca.",
            "REQ_MORE": "{}",
            "REQ_MORE_usage": "Czy mogę zrobić coś innego?",
            "INFORM_COUNT": "{}",
            "INFORM_COUNT_usage": "Masz 1 kawałek wolnego czasu 5 marca, od 14:00 do 22:30.",
            "REQUEST": "{}",
            "REQUEST_usage": "w której dacie?",
            "GOODBYE": "{}",
            "GOODBYE_usage": "Uważaj Miłego dnia",
            "NOTIFY_FAILURE": "{}",
            "NOTIFY_FAILURE_usage": "Przykro mi, że nie masz innego wolnego czasu? czy trzeba znaleźć coś innego?",
            "CONFIRM": "{}",
            "CONFIRM_usage": "Pozwól mi przejrzeć szczegóły. Chcesz, żebym zaplanował koncert Chrisa Webby'ego 13 marca o 12:30. Zanotuję, że impreza odbędzie się pod adresem 2367 Shattuck Avenue."
        },
        "GetEvents": {
            "REQUEST": "{}",
            "REQUEST_usage": "To dla mnie przyjemność. Którą datę mam sprawdzić?",
            "OFFER": "{}",
            "OFFER_usage": "Wydarzenie rozpocznie się o godzinie 10:00, a wydarzeniem jest wizyta u dentysty.",
            "REQ_MORE": "{}",
            "REQ_MORE_usage": "Czy jest jeszcze coś, w czym mogę Ci pomóc?",
            "INFORM_COUNT": "{}",
            "INFORM_COUNT_usage": "Zaplanowano dla Ciebie 3 wydarzenia. Pierwsza to wizyta u lekarza o godzinie 11:00.",
            "NOTIFY_FAILURE": "{}",
            "NOTIFY_FAILURE_usage": "Nie masz innego wydarzenia na ten dzień. Czy mogę ci dalej pomóc?"
        }
    },
    "Flights_2": {
        "SearchOnewayFlight": {
            "REQUEST": "{}",
            "REQUEST_usage": "Którego dnia wyjeżdżasz?",
            "OFFER": "{}",
            "OFFER_usage": "Lot Alaska Airlines odlatuje o 20:20 i kosztuje 88 USD bez przystanków.",
            "INFORM": "{}",
            "INFORM_usage": "Startuje z międzynarodowego lotniska Dulles i nie jest to lot nocny.",
            "INFORM_COUNT": "{}",
            "INFORM_COUNT_usage": "Są 4 loty. Co powiesz na Alaska Airlines, które startują o 7:30 i również nie mają przystanków. Koszt to 66 USD",
            "REQ_MORE": "{}",
            "REQ_MORE_usage": "W czymś jeszcze mógłbym Ci pomóc",
            "GOODBYE": "{}",
            "GOODBYE_usage": "W porządku, uważaj na siebie.",
            "NOTIFY_FAILURE": "{}",
            "NOTIFY_FAILURE_usage": "Nie udało mi się znaleźć lotu. Czy jest jeszcze coś, w czym mogę Ci pomóc?"
        },
        "SearchRoundtripFlights": {
            "REQUEST": "{}",
            "REQUEST_usage": "Powrót 10 marca?",
            "OFFER": "{}",
            "OFFER_usage": "Znalazłem 2 loty. Co powiesz na lot Delta Airlines za 317 USD od 8:45 do 2:50?",
            "INFORM_COUNT": "{}",
            "INFORM_COUNT_usage": "Znalazłem 2 loty. Co powiesz na lot Delta Airlines za 317 USD od 8:45 do 2:50?",
            "GOODBYE": "{}",
            "GOODBYE_usage": "Miłego dnia.",
            "REQ_MORE": "{}",
            "REQ_MORE_usage": "Czy jest coś jeszcze?",
            "INFORM": "{}",
            "INFORM_usage": "ma 1 przystanek",
            "NOTIFY_FAILURE": "{}",
            "NOTIFY_FAILURE_usage": "Przepraszamy, nie udało mi się zarezerwować miejsc na ten lot. W czym jeszcze mogę Ci pomóc?"
        }
    },
    "Flights_1": {
        "SearchOnewayFlight": {
            "REQUEST": "{}",
            "REQUEST_usage": "Z jakiego miasta będziesz wyjeżdżać?",
            "OFFER": "{}",
            "OFFER_usage": "O 17:35 jest lot za 66 USD liniami American Airlines, który ma tylko 0 przystanków.",
            "INFORM_COUNT": "{}",
            "INFORM_COUNT_usage": "Istnieją 4 możliwe loty, które mogą Ci się spodobać. Jest lot Alaska Airlines, który startuje o 19:10 i ma 0 przystanków. Jego cena wynosi 103 dolary.",
            "INFORM": "{}",
            "INFORM_usage": "Samolot przylatuje o 10:33.",
            "CONFIRM": "{}",
            "CONFIRM_usage": "Czy możesz potwierdzić, że chcesz zarezerwować 4 bilety w klasie ekonomicznej na lot do Las Vegas z Los Angeles w Alaska Airlines 2 marca, prawda?",
            "REQ_MORE": "{}",
            "REQ_MORE_usage": "Czy mogę pomóc w czymś innym?",
            "NOTIFY_FAILURE": "{}",
            "NOTIFY_FAILURE_usage": "Nie, nie ma żadnego. Czy chciałbyś, abym pomógł ci w czymś jeszcze?",
            "GOODBYE": "{}",
            "GOODBYE_usage": "Miłego dnia."
        },
        "ReserveOnewayFlight": {
            "CONFIRM": "{}",
            "CONFIRM_usage": "Czy mógłbyś mi potwierdzić, że 11 marca opuszczasz Filadelfię lotem Delta Airlines do Nowego Jorku i że chcesz 1 miejsce i chcesz podróżować klasą ekonomiczną?",
            "NOTIFY_SUCCESS": "{}",
            "NOTIFY_SUCCESS_usage": "Gratulacje, Twój bilet został zakupiony.",
            "INFORM": "{}",
            "INFORM_usage": "Bilet został zarezerwowany. Odlatuje z międzynarodowego lotniska SFO.",
            "REQ_MORE": "{}",
            "REQ_MORE_usage": "Czy jest jeszcze coś, w czym mogę Ci pomóc?",
            "GOODBYE": "{}",
            "GOODBYE_usage": "Ciesz się dniem.",
            "NOTIFY_FAILURE": "{}",
            "NOTIFY_FAILURE_usage": "Przepraszamy, ale nie udało mi się zarezerwować dla Ciebie biletu. Czy jest jeszcze coś, w czym potrzebujesz pomocy?",
            "REQUEST": "{}",
            "REQUEST_usage": "Gdzie idziesz?"
        },
        "SearchRoundtripFlights": {
            "REQUEST": "{}",
            "REQUEST_usage": "Którego dnia wrócisz?",
            "OFFER": "{}",
            "OFFER_usage": "Znalazłem lot liniami United Airlines za 292 USD. Samolot odlatuje o 22:25 i wraca o 6:15.",
            "REQ_MORE": "{}",
            "REQ_MORE_usage": "Czy jest jeszcze coś, w czym mogę Ci pomóc?",
            "INFORM_COUNT": "{}",
            "INFORM_COUNT_usage": "W porządku, mam tutaj 3 inne loty – Delta Airlines odlatuje o 10:50, a lot powrotny odlatuje o 22:50, każdy bilet kosztuje 123 USD.",
            "INFORM": "{}",
            "INFORM_usage": "To jest poprawne. Ten lot ma 1 przystanek.",
            "GOODBYE": "{}",
            "GOODBYE_usage": "Miłego dnia.",
            "NOTIFY_FAILURE": "{}",
            "NOTIFY_FAILURE_usage": "Przykro mi, nie mam nic innego pod ręką. Czy jest jeszcze coś, w czym mogę Ci pomóc?",
            "CONFIRM": "{}",
            "CONFIRM_usage": "Czy możesz potwierdzić, że chcesz wylecieć liniami United Airlines z Chicago i polecieć do Sydney liniami United irlines? Wyjazd 4 marca, powrót 8 marca. Ten lot wychodzący odlatuje o 10:35, a powrót o 22:05. Potrzebujesz 1 biletu ekonomicznego. Czy to jest poprawne?"
        },
        "ReserveRoundtripFlights": {
            "REQUEST": "{}",
            "REQUEST_usage": "Kiedy chcesz wyjechać i kiedy chcesz wrócić?",
            "CONFIRM": "{}",
            "CONFIRM_usage": "Potwierdź następujące informacje: lot z Chicago do Meksyku odbywa się liniami United Airlines. Data wyjazdu to pojutrze z powrotem 9 marca. Dalszy lot odlatuje o 15:00, a lot powrotny o 8:00. Klasa siedzenia to Economy z łącznie 1 pasażerem.",
            "NOTIFY_FAILURE": "{}",
            "NOTIFY_FAILURE_usage": "Przepraszam, że nie mogłem zarezerwować biletu. Czy mam pomóc w czymś jeszcze?",
            "REQ_MORE": "{}",
            "REQ_MORE_usage": "Przepraszam, że nie mogłem zarezerwować biletu. Czy mam pomóc w czymś jeszcze?",
            "GOODBYE": "{}",
            "GOODBYE_usage": "Miłego dnia!",
            "INFORM": "{}",
            "INFORM_usage": "Twój bilet jest zarezerwowany. Koszt wyniósłby 132 USD.",
            "NOTIFY_SUCCESS": "{}",
            "NOTIFY_SUCCESS_usage": "Twój bilet jest zarezerwowany. Koszt wyniósłby 132 USD.",
            "OFFER": "{}",
            "OFFER_usage": "Nie udało mi się jeszcze zarezerwować Twojego biletu. Tak więc ten lot z Filadelfii do Paryża liniami Delta Airlines ma 1 przesiadkę i kosztuje łącznie 333 USD. Wylot pojutrze i powrót 11 marca."
        }
    },
    "Events_2": {
        "BuyEventTickets": {
            "REQUEST": "{}",
            "REQUEST_usage": "Jakie wydarzenie chcesz w jakim terminie i ile biletów potrzebujesz?",
            "CONFIRM": "{}",
            "CONFIRM_usage": "Chcesz 3 bilety na mecz Mariners kontra White Sox, który odbędzie się 10 marca w Seattle. Czy to prawda?",
            "INFORM": "{}",
            "INFORM_usage": "Twoje bilety zostały zamówione, a wydarzenie odbędzie się w T-Mobile Park pod adresem 1250 1st Avenue South.",
            "NOTIFY_SUCCESS": "{}",
            "NOTIFY_SUCCESS_usage": "Twoje bilety zostały zamówione, a wydarzenie odbędzie się w T-Mobile Park pod adresem 1250 1st Avenue South.",
            "REQ_MORE": "{}",
            "REQ_MORE_usage": "Proszę bardzo. Czy jest coś jeszcze, co mogę dla ciebie zrobić?",
            "GOODBYE": "{}",
            "GOODBYE_usage": "Miłego dnia.",
            "NOTIFY_FAILURE": "{}",
            "NOTIFY_FAILURE_usage": "Przepraszam, nie mogłem kupić biletów. Czy mógłbym zrobić dla ciebie coś jeszcze?"
        },
        "GetEventDates": {
            "REQUEST": "{}",
            "REQUEST_usage": "W którym mieście?",
            "OFFER": "{}",
            "OFFER_usage": "Sparks vs Lynx odbędzie się 5 marca w Staples Center.",
            "REQ_MORE": "{}",
            "REQ_MORE_usage": "Czy mogę zrobić dla ciebie coś jeszcze?",
            "INFORM_COUNT": "{}",
            "INFORM_COUNT_usage": "Znalazłem 5 dat dla Buttertones w Chop Shop zaczynających się 6 marca.",
            "INFORM": "{}",
            "INFORM_usage": "2033 West North Avenue.",
            "CONFIRM": "{}",
            "CONFIRM_usage": "potwierdź poniższe: Chcesz 4 bilety na The Paper Kites w następny poniedziałek w Nowym Jorku?",
            "NOTIFY_FAILURE": "{}",
            "NOTIFY_FAILURE_usage": "Nie mogłem znaleźć więcej dat. Czy jest jeszcze coś, w czym mogę Ci pomóc?",
            "GOODBYE": "{}",
            "GOODBYE_usage": "Miłego dnia."
        },
        "FindEvents": {
            "REQUEST": "{}",
            "REQUEST_usage": "Jakieś preferencje, takie jak muzyka, sport lub coś innego? W jakim mieście mam szukać?",
            "OFFER": "{}",
            "OFFER_usage": "Znalazłem ci 2 wydarzenia. A może Billy Currington z Gallagher Way?",
            "INFORM_COUNT": "{}",
            "INFORM_COUNT_usage": "Znalazłem ci 2 wydarzenia. A może Billy Currington z Gallagher Way?",
            "CONFIRM": "{}",
            "CONFIRM_usage": "Potwierdzam, że chcesz 4 bilety na wydarzenie Billy'ego Curringtona, które odbędzie się w Chicago 12 marca.",
            "INFORM": "{}",
            "INFORM_usage": "Miejsce imprezy znajduje się przy 123-01 Roosevelt Avenue, a impreza zaczyna się o 17:30",
            "REQ_MORE": "{}",
            "REQ_MORE_usage": "Coś jeszcze dzisiaj?",
            "GOODBYE": "{}",
            "GOODBYE_usage": "Miłego dnia.",
            "NOTIFY_FAILURE": "{}",
            "NOTIFY_FAILURE_usage": "Nie, nie ma. Czy potrzebujesz pomocy w czymś innym?"
        }
    },
    "RentalCars_2": {
        "GetCarsAvailable": {
            "REQUEST": "{}",
            "REQUEST_usage": "Dostaniesz go 10 marca, a jeśli tak, to o której godzinie i kiedy go zwrócisz?",
            "OFFER": "{}",
            "OFFER_usage": "Znalazłem standardową Hondę Civic do wynajęcia na międzynarodowym lotnisku Seattle-Tacoma 8 marca.",
            "CONFIRM": "{}",
            "CONFIRM_usage": "Chcesz odebrać samochód standardowy 8 marca o godzinie 14:00 na międzynarodowym lotnisku Seattle-Tacoma i zwrócić go 13 marca. Czy to prawda?",
            "INFORM_COUNT": "{}",
            "INFORM_COUNT_usage": "Istnieje 5 opcji, które mogą Ci się przydać. Pierwszy to samochód standardowy, który można odebrać 3 marca na stacji King Street. To jest Ford Fusion.",
            "INFORM": "{}",
            "INFORM_usage": "To będzie 105 dolarów.",
            "REQ_MORE": "{}",
            "REQ_MORE_usage": "Świetnie",
            "NOTIFY_FAILURE": "{}",
            "NOTIFY_FAILURE_usage": "Przykro mi, ale nie, to jedyne, które udało mi się dla ciebie znaleźć. Czy mogę pomóc ci znaleźć coś innego?",
            "GOODBYE": "{}",
            "GOODBYE_usage": "Miłego dnia."
        },
        "ReserveCar": {
            "INFORM": "{}",
            "INFORM_usage": "Kosztuje 150 $ i Twoja rezerwacja jest udana.",
            "NOTIFY_SUCCESS": "{}",
            "NOTIFY_SUCCESS_usage": "Kosztuje 150 $ i Twoja rezerwacja jest udana.",
            "GOODBYE": "{}",
            "GOODBYE_usage": "Miłego dnia.",
            "CONFIRM": "{}",
            "CONFIRM_usage": "Chcesz odebrać swój samochód Compact na stacji King Street dzisiaj, 1 marca, o 12:30. Zwrócisz samochód 6 marca. Czy to jest poprawne?",
            "REQ_MORE": "{}",
            "REQ_MORE_usage": "Czy jest coś jeszcze, czego potrzebujesz dziś wieczorem?",
            "REQUEST": "{}",
            "REQUEST_usage": "kiedy będziesz go potrzebować?",
            "NOTIFY_FAILURE": "{}",
            "NOTIFY_FAILURE_usage": "Nie mogłem zarezerwować samochodu. Coś jeszcze?",
            "OFFER": "{}",
            "OFFER_usage": "Nie mogłem dostać samochodu. Na międzynarodowym lotnisku SFO dostępny jest piękny samochód 7 marca. To jest mini cooper i kosztowałoby w sumie 25 dolarów."
        }
    },
    "Services_1": {
        "FindProvider": {
            "REQUEST": "{}",
            "REQUEST_usage": "W jakim mieście mam szukać?",
            "OFFER": "{}",
            "OFFER_usage": "Znalazłem fajny salon w San Francisco, 1512 Barber Shop.",
            "INFORM": "{}",
            "INFORM_usage": "Numer telefonu to 415-286-4371.",
            "CONFIRM": "{}",
            "CONFIRM_usage": "Proszę potwierdzić te dane dla mnie: Chcesz się umówić na spotkanie o 14:45 13 marca w 1512 Barber Shop.",
            "INFORM_COUNT": "{}",
            "INFORM_COUNT_usage": "Znalazłem 10 salonów. Atelier Salon Willow Glen to salon w San Jose.",
            "REQ_MORE": "{}",
            "REQ_MORE_usage": "Czy potrzebujesz pomocy w czymś jeszcze?",
            "GOODBYE": "{}",
            "GOODBYE_usage": "Miłego dnia!"
        },
        "BookAppointment": {
            "INFORM": "{}",
            "INFORM_usage": "Średnia ocena to 4,8. adres to 1532 20th Street. Przepraszamy, nie udało mi się zarezerwować terminu. Chcesz zarezerwować wizytę 6 marca o godzinie 11:30. 1512 Barber Shop to świetny salon.",
            "OFFER": "{}",
            "OFFER_usage": "Średnia ocena to 4,8. adres to 1532 20th Street. Przepraszamy, nie udało mi się zarezerwować terminu. Chcesz zarezerwować wizytę 6 marca o godzinie 11:30. 1512 Barber Shop to świetny salon.",
            "NOTIFY_FAILURE": "{}",
            "NOTIFY_FAILURE_usage": "Średnia ocena to 4,8. adres to 1532 20th Street. Przepraszamy, nie udało mi się zarezerwować terminu. Chcesz zarezerwować wizytę 6 marca o godzinie 11:30. 1512 Barber Shop to świetny salon.",
            "NOTIFY_SUCCESS": "{}",
            "NOTIFY_SUCCESS_usage": "Twoje spotkanie zostało potwierdzone.",
            "CONFIRM": "{}",
            "CONFIRM_usage": "Czy możesz potwierdzić, że chcesz, żebym zarezerwował dla Ciebie wizytę w Exclusive Spa na 5 marca o 14:30?",
            "REQUEST": "{}",
            "REQUEST_usage": "Na jaki dzień i godzinę chcesz się umówić?",
            "REQ_MORE": "{}",
            "REQ_MORE_usage": "Przepraszamy, w tym terminie nie ma wolnego miejsca. Czy mogę pomóc w czymś jeszcze?",
            "GOODBYE": "{}",
            "GOODBYE_usage": "Miłego dnia. Mam nadzieję, że salon zapewni Ci to, czego potrzebujesz."
        }
    },
    "Movies_1": {
        "FindMovies": {
            "OFFER": "{}",
            "OFFER_usage": "Znalazłem 10 filmów. Co sądzisz o filmie Ash Is Purest White, Captain Marvel lub Obywatel Kane?",
            "INFORM_COUNT": "{}",
            "INFORM_COUNT_usage": "Znalazłem 10 filmów. Co sądzisz o filmie Ash Is Purest White, Captain Marvel lub Obywatel Kane?",
            "REQ_MORE": "{}",
            "REQ_MORE_usage": "Czy jest jeszcze coś, w czym mogę Ci pomóc?",
            "NOTIFY_FAILURE": "{}",
            "NOTIFY_FAILURE_usage": "Niestety, nie mogę znaleźć nic innego, co spełnia Twoje kryteria. Czy mogę jeszcze w czymś pomóc?",
            "GOODBYE": "{}",
            "GOODBYE_usage": "Miłego dnia",
            "REQUEST": "{}",
            "REQUEST_usage": "Czy możesz mi powiedzieć, gdzie chcesz obejrzeć film?",
            "CONFIRM": "{}",
            "CONFIRM_usage": "Potrzebuję Twojego potwierdzenia, aby zarezerwować 2 bilety na pokaz 3D filmu Bretania biegnie w maratonie 4 marca w San Jose o 22:00."
        },
        "GetTimesForMovie": {
            "OFFER": "{}",
            "OFFER_usage": "Jest jeden seans w kinie Embarcadero Centre w Landmark o 21:00.",
            "NOTIFY_FAILURE": "{}",
            "NOTIFY_FAILURE_usage": "Przepraszamy, nie ma innych pokazów filmu. Czy jest jeszcze coś, w czym mogę ci pomóc?",
            "REQ_MORE": "{}",
            "REQ_MORE_usage": "Przepraszamy, nie ma innych pokazów filmu. Czy jest jeszcze coś, w czym mogę ci pomóc?",
            "GOODBYE": "{}",
            "GOODBYE_usage": "Miłego dnia.",
            "INFORM_COUNT": "{}",
            "INFORM_COUNT_usage": "Ten film ma 1 seans o 20:30 w 3rd Street Cinema.",
            "INFORM": "{}",
            "INFORM_usage": "Jasne, znajdują się pod adresem 620 3rd Street.",
            "REQUEST": "{}",
            "REQUEST_usage": "Kiedy chcesz obejrzeć film?"
        },
        "BuyMovieTickets": {
            "REQUEST": "{}",
            "REQUEST_usage": "Kiedy będziesz to oglądać?",
            "CONFIRM": "{}",
            "CONFIRM_usage": "Prosimy o potwierdzenie rezerwacji dla 4 osób na seans IMAX Saaho w Danville 1 marca o 18:30.",
            "INFORM": "{}",
            "INFORM_usage": "Twoja rezerwacja na występ w Century Blackhawk Plaza została dokonana.",
            "NOTIFY_SUCCESS": "{}",
            "NOTIFY_SUCCESS_usage": "Twoja rezerwacja na występ w Century Blackhawk Plaza została dokonana.",
            "GOODBYE": "{}",
            "GOODBYE_usage": "Miłego dnia!",
            "REQ_MORE": "{}",
            "REQ_MORE_usage": "Masz dla mnie inne zadanie?",
            "NOTIFY_FAILURE": "{}",
            "NOTIFY_FAILURE_usage": "Przepraszamy, nie udało mi się zarezerwować biletów zgodnie z Państwa życzeniem. Jak mogę Ci dalej pomóc?"
        }
    },
    "Services_2": {
        "FindProvider": {
            "OFFER": "{}",
            "OFFER_usage": "Oczywiście, że tak. A J Dental Lab jest w mieście San Jose.",
            "REQ_MORE": "{}",
            "REQ_MORE_usage": "Czy jest coś jeszcze, co mogę zrobić?",
            "REQUEST": "{}",
            "REQUEST_usage": "Jasne, które miasto?",
            "INFORM_COUNT": "{}",
            "INFORM_COUNT_usage": "Znalazłem 10 dentystów w Sunnyvale. Co powiesz na Amazing Smile Dental?",
            "INFORM": "{}",
            "INFORM_usage": "Adres to 689 East Remington Drive Ste A. Numer telefonu to 408-739-6520",
            "CONFIRM": "{}",
            "CONFIRM_usage": "Potwierdzam spotkanie z Cofieldem Marianne 11 marca o 9:45.",
            "GOODBYE": "{}",
            "GOODBYE_usage": "Bez smutków! Miłego dnia!"
        },
        "BookAppointment": {
            "CONFIRM": "{}",
            "CONFIRM_usage": "Aby potwierdzić: Chcesz zarezerwować wizytę 2 marca o godzinie 14:15 w A J Dental Lab. Czy to jest poprawne?",
            "NOTIFY_SUCCESS": "{}",
            "NOTIFY_SUCCESS_usage": "Twoja wizyta została potwierdzona. Czy jest coś jeszcze?",
            "GOODBYE": "{}",
            "GOODBYE_usage": "Miłego dnia.",
            "REQUEST": "{}",
            "REQUEST_usage": "Na którą godzinę chcesz to zrobić?",
            "INFORM": "{}",
            "INFORM_usage": "Niestety nie i nie byłem w stanie zarezerwować tego w tym czasie. Co powiesz na spotkanie 10 marca o 12:30, wciąż w Amazing Smile Dental",
            "OFFER": "{}",
            "OFFER_usage": "Niestety nie i nie byłem w stanie zarezerwować tego w tym czasie. Co powiesz na spotkanie 10 marca o 12:30, wciąż w Amazing Smile Dental",
            "NOTIFY_FAILURE": "{}",
            "NOTIFY_FAILURE_usage": "Niestety nie i nie byłem w stanie zarezerwować tego w tym czasie. Co powiesz na spotkanie 10 marca o 12:30, wciąż w Amazing Smile Dental",
            "REQ_MORE": "{}",
            "REQ_MORE_usage": "Czy mogę ci dzisiaj w czymś jeszcze pomóc?"
        }
    },
    "Services_3": {
        "FindProvider": {
            "REQUEST": "{}",
            "REQUEST_usage": "Do jakiego miasta będziesz musiał pojechać?",
            "OFFER": "{}",
            "OFFER_usage": "A może spróbujesz lekarza medycyny Alana B. Scotta w San Francisco? Jest okulistą.",
            "REQ_MORE": "{}",
            "REQ_MORE_usage": "Co jeszcze potrzebujesz?",
            "INFORM": "{}",
            "INFORM_usage": "Mają 4,2.",
            "INFORM_COUNT": "{}",
            "INFORM_COUNT_usage": "Znalazłem 6 w Los Altos. Jednym z lekarzy ogólnych jest dr Brown Peter.",
            "CONFIRM": "{}",
            "CONFIRM_usage": "Proszę potwierdzić Aarona Twarda, MD 1 marca o 13:00.",
            "NOTIFY_FAILURE": "{}",
            "NOTIFY_FAILURE_usage": "Niestety nie pojawiły się żadne inne wyniki. Czy jest jeszcze coś, w czym mogę Ci pomóc?",
            "GOODBYE": "{}",
            "GOODBYE_usage": "Miłego dnia!"
        },
        "BookAppointment": {
            "CONFIRM": "{}",
            "CONFIRM_usage": "Oto, co usłyszałem: wizyta u Alana B. Scotta, lekarza medycyny, 1 marca o 11:30.",
            "INFORM": "{}",
            "INFORM_usage": "Przepraszamy, termin o którym prosiłeś nie jest dostępny. Są pod adresem 2100 Webster Street suite 214. Ocena wynosi 5,0 Przykro mi, ale nie mogę znaleźć spotkania w preferowanej przez Ciebie godzinie. Co powiesz na lekarza medycyny Alana B. Scotta 1 marca o 11 rano?",
            "OFFER": "{}",
            "OFFER_usage": "Przepraszamy, termin o którym prosiłeś nie jest dostępny. Są pod adresem 2100 Webster Street suite 214. Ocena wynosi 5,0 Przykro mi, ale nie mogę znaleźć spotkania w preferowanej przez Ciebie godzinie. Co powiesz na lekarza medycyny Alana B. Scotta 1 marca o 11 rano?",
            "NOTIFY_FAILURE": "{}",
            "NOTIFY_FAILURE_usage": "Przepraszamy, termin o którym prosiłeś nie jest dostępny. Są pod adresem 2100 Webster Street suite 214. Ocena wynosi 5,0 Przykro mi, ale nie mogę znaleźć spotkania w preferowanej przez Ciebie godzinie. Co powiesz na lekarza medycyny Alana B. Scotta 1 marca o 11 rano?",
            "REQ_MORE": "{}",
            "REQ_MORE_usage": "Co mogę zrobić, żeby ci to wynagrodzić?",
            "GOODBYE": "{}",
            "GOODBYE_usage": "bardzo mi przykro.",
            "REQUEST": "{}",
            "REQUEST_usage": "Czy jest jakiś konkretny czas, który jest dla Ciebie najlepszy?",
            "NOTIFY_SUCCESS": "{}",
            "NOTIFY_SUCCESS_usage": "W porządku, Twoje spotkanie zostało zaplanowane pomyślnie."
        }
    },
    "RideSharing_2": {
        "GetRide": {
            "REQUEST": "{}",
            "REQUEST_usage": "Czy jest jakiś konkretny rodzaj jazdy, który wolisz? Możesz jeździć na basenie, luksusie lub są inne opcje.",
            "CONFIRM": "{}",
            "CONFIRM_usage": "Potwierdź: Chcesz podwieźć do Kanpai, w Twojej drużynie jest 1 osoba i chcesz jeździć na basenie.",
            "NOTIFY_SUCCESS": "{}",
            "NOTIFY_SUCCESS_usage": "Zarezerwowałem przejazd i taksówka jest w drodze do Twojej lokalizacji.",
            "INFORM": "{}",
            "INFORM_usage": "Oczekuje się, że taksówka będzie tam za około 7 minut.",
            "GOODBYE": "{}",
            "GOODBYE_usage": "Miłego dnia!",
            "REQ_MORE": "{}",
            "REQ_MORE_usage": "potrzebujesz czegoś jeszcze?",
            "NOTIFY_FAILURE": "{}",
            "NOTIFY_FAILURE_usage": "Przepraszam, ale w tej chwili nie mogłem znaleźć przejazdu, którego szukałeś. Czy jest coś jeszcze, co mogę zrobić, aby ci pomóc?"
        }
    },
    "Hotels_2": {
        "SearchHouse": {
            "OFFER": "{}",
            "OFFER_usage": "Jest dobry dom, który znajduje się przy 100 Capitol Mall i ma ocenę 4,4.",
            "GOODBYE": "{}",
            "GOODBYE_usage": "Pomaganie ci było dla mnie przyjemnością. Do widzenia.",
            "INFORM_COUNT": "{}",
            "INFORM_COUNT_usage": "Znalazłem 10 domów, w tym 100 Greenwich Street. Ma ocenę 4,4.",
            "INFORM": "{}",
            "INFORM_usage": "Tak, mają usługi pralni. Numer telefonu to +1 212-379-0103.",
            "REQ_MORE": "{}",
            "REQ_MORE_usage": "Czy potrzebowałbyś czegoś jeszcze?",
            "REQUEST": "{}",
            "REQUEST_usage": "Jak dużo ludzi? Zameldujesz się 1 marca? Którą datę sprawdzisz?",
            "CONFIRM": "{}",
            "CONFIRM_usage": "Dobra, mam dom dla 1 osoby od 1 marca do 2 marca w Los Angeles, prawda?"
        },
        "BookHouse": {
            "NOTIFY_SUCCESS": "{}",
            "NOTIFY_SUCCESS_usage": "Twój dom został zarezerwowany.",
            "GOODBYE": "{}",
            "GOODBYE_usage": "To była dla mnie przyjemność, smacznego!",
            "REQUEST": "{}",
            "REQUEST_usage": "zameldowanie odbywa się 1 marca?",
            "CONFIRM": "{}",
            "CONFIRM_usage": "Potwierdź odebrane dane, zanim przejdę dalej. Szukasz domu dla 2 osób w Nairobi i sprawdzisz go 1 marca i wymeldowasz się 5 marca",
            "INFORM": "{}",
            "INFORM_usage": "suma wynosi 2030 USD, a numer to +254 703 049000",
            "REQ_MORE": "{}",
            "REQ_MORE_usage": "Czy jest coś jeszcze, co mogę zrobić?",
            "NOTIFY_FAILURE": "{}",
            "NOTIFY_FAILURE_usage": "Przepraszamy, te daty nie są dostępne. Chcesz spróbować innej randki?"
        }
    },
    "Events_3": {
        "FindEvents": {
            "REQUEST": "{}",
            "REQUEST_usage": "Co lubisz robić i gdzie chciałbyś to robić?",
            "OFFER": "{}",
            "OFFER_usage": "Wyciągnąłem listę 10 do tej pory, myślę, że ta Cię zainteresuje, 11 marca o 19:30 w sali koncertowej Kaufmann - Abbi Jacobson tam będzie.",
            "INFORM_COUNT": "{}",
            "INFORM_COUNT_usage": "Wyciągnąłem listę 10 do tej pory, myślę, że ta Cię zainteresuje, 11 marca o 19:30 w sali koncertowej Kaufmann - Abbi Jacobson tam będzie.",
            "REQ_MORE": "{}",
            "REQ_MORE_usage": "Czy chciałbyś coś jeszcze?",
            "INFORM": "{}",
            "INFORM_usage": "Adres miejsca to 10361 West Pico Boulevard, a cena biletu to 45 USD.",
            "GOODBYE": "{}",
            "GOODBYE_usage": "Cała przyjemność po mojej stronie! Miłego dnia.",
            "NOTIFY_FAILURE": "{}",
            "NOTIFY_FAILURE_usage": "Przykro mi, ale nie mogę znaleźć nic innego, co spełnia Twoje kryteria. Czy mogę jednak zrobić coś innego?",
            "CONFIRM": "{}",
            "CONFIRM_usage": "Sprawdź, czy potrzebujesz 1 biletu, aby obejrzeć doroczne przedstawienie szkolne 2 marca w Portland."
        },
        "BuyEventTickets": {
            "REQUEST": "{}",
            "REQUEST_usage": "Ilu was będzie?",
            "CONFIRM": "{}",
            "CONFIRM_usage": "W porządku, chcesz 4 miejsca na wydarzenie 11 marca w Nowym Jorku z Abbi Jacobsonem, zgadza się?",
            "INFORM": "{}",
            "INFORM_usage": "Twoje miejsca są zadbane, dobrze się bawisz. Ich lokalizacja to 1395 Lexington Avenue.",
            "NOTIFY_SUCCESS": "{}",
            "NOTIFY_SUCCESS_usage": "Twoje miejsca są zadbane, dobrze się bawisz. Ich lokalizacja to 1395 Lexington Avenue.",
            "REQ_MORE": "{}",
            "REQ_MORE_usage": "Czy jest jeszcze coś, w czym chciałbyś uzyskać pomoc?",
            "GOODBYE": "{}",
            "GOODBYE_usage": "Miłego dnia.",
            "NOTIFY_FAILURE": "{}",
            "NOTIFY_FAILURE_usage": "Niestety nie ma dostępnych biletów. Czy pomagasz w czymś jeszcze?"
        }
    },
    "Buses_3": {
        "FindBus": {
            "REQUEST": "{}",
            "REQUEST_usage": "Czy pojechałbyś autobusem 11 marca?",
            "OFFER": "{}",
            "OFFER_usage": "Istnieje 7 możliwych autobusów, którymi możesz wsiąść. Jeden, który kosztuje 38 dolarów, odjeżdża o 6:20 rano.",
            "INFORM_COUNT": "{}",
            "INFORM_COUNT_usage": "Istnieje 7 możliwych autobusów, którymi możesz wsiąść. Jeden, który kosztuje 38 dolarów, odjeżdża o 6:20 rano.",
            "INFORM": "{}",
            "INFORM_usage": "Musisz wsiąść do autobusu na przystanku Silver Spring Bus Stop.",
            "REQ_MORE": "{}",
            "REQ_MORE_usage": "Czy jest coś jeszcze, co chciałbyś?",
            "CONFIRM": "{}",
            "CONFIRM_usage": "Czy możesz potwierdzić, że chcesz kupić bilety dla 3 osób na autobus, który odjeżdża 4 marca o 7:10 z Sacramento do San Diego?",
            "GOODBYE": "{}",
            "GOODBYE_usage": "Baw się dobrze."
        },
        "BuyBusTicket": {
            "CONFIRM": "{}",
            "CONFIRM_usage": "Rezerwacja biletu dla 1 osoby wyjeżdżającej o 7:10 z Vancouver do Portland 4 marca.",
            "INFORM": "{}",
            "INFORM_usage": "Twój bilet jest zarezerwowany, a stacja to SW Arthur & 1st.",
            "NOTIFY_SUCCESS": "{}",
            "NOTIFY_SUCCESS_usage": "Twój bilet jest zarezerwowany, a stacja to SW Arthur & 1st.",
            "GOODBYE": "{}",
            "GOODBYE_usage": "Miłego dnia.",
            "REQ_MORE": "{}",
            "REQ_MORE_usage": "Jak mogę Ci dalej pomóc?",
            "REQUEST": "{}",
            "REQUEST_usage": "Ile proszę?",
            "OFFER": "{}",
            "OFFER_usage": "to jest bezpośredni autobus. niestety rezerwacja nie powiodła się z powodu nieoczekiwanych błędów. Czy zamiast tego chcesz zarezerwować miejsca na odjazd o 14:50? bilety kosztują 14 dolarów",
            "NOTIFY_FAILURE": "{}",
            "NOTIFY_FAILURE_usage": "to jest bezpośredni autobus. niestety rezerwacja nie powiodła się z powodu nieoczekiwanych błędów. Czy zamiast tego chcesz zarezerwować miejsca na odjazd o 14:50? bilety kosztują 14 dolarów"
        }
    },
    "Flights_4": {
        "SearchRoundtripFlights": {
            "REQUEST": "{}",
            "REQUEST_usage": "Czy chciałbyś wejść na pokład samolotu 5 marca?",
            "OFFER": "{}",
            "OFFER_usage": "American Airlines oferuje bezpośredni lot w obie strony za 127 USD, który odlatuje o 21:25 i wraca do domu o 17:00, a co z tym?",
            "INFORM": "{}",
            "INFORM_usage": "Samolot ma wylądować w miejscu docelowym o 22:35.",
            "REQ_MORE": "{}",
            "REQ_MORE_usage": "Czy jest jeszcze coś, w czym mogę Ci pomóc?",
            "INFORM_COUNT": "{}",
            "INFORM_COUNT_usage": "Znalazłem dla Ciebie 1 lot. Jest to bezpośredni lot United Airlines z dalszym lotem startującym o 16:35 i lotem powrotnym odlatującym o 10:15 za 127 USD.",
            "GOODBYE": "{}",
            "GOODBYE_usage": "Ciesz się podróżą do Londynu.",
            "NOTIFY_FAILURE": "{}",
            "NOTIFY_FAILURE_usage": "Przepraszam, nie mam innych lotów. Czy mogę ci pomóc w czymś jeszcze?"
        },
        "SearchOnewayFlight": {
            "OFFER": "{}",
            "OFFER_usage": "Udało mi się znaleźć lot American Airlines odlatujący o 11:20. Będzie międzylądowanie, a koszt lotu to 253 USD.",
            "GOODBYE": "{}",
            "GOODBYE_usage": "Porozmawiamy później.",
            "REQUEST": "{}",
            "REQUEST_usage": "czy chcesz wyjechać 5 marca, 1 marca, czy innego dnia?",
            "INFORM_COUNT": "{}",
            "INFORM_COUNT_usage": "znalazłem 4 loty zgodnie z twoimi potrzebami. A co z amerykańskimi liniami lotniczymi? dalszy lot startuje o 21:25 i jest to lot bezpośredni. bilet kosztuje 81 dolarów.",
            "INFORM": "{}",
            "INFORM_usage": "Przybędzie o 23:33",
            "REQ_MORE": "{}",
            "REQ_MORE_usage": "Jakiej innej pomocy potrzebujesz?",
            "NOTIFY_FAILURE": "{}",
            "NOTIFY_FAILURE_usage": "Nie mogę znaleźć nic innego. Jak mogę Ci dalej pomóc?"
        }
    },
    "Payment_1": {
        "RequestPayment": {
            "REQUEST": "{}",
            "REQUEST_usage": "Nie ma problemu. Jak nazywa się kontakt?",
            "CONFIRM": "{}",
            "CONFIRM_usage": "Dobra, potwierdź mi tylko następujące informacje. Dokonujesz publicznej transakcji z Piotrem na kwotę 71 USD. Ta transakcja będzie widoczna publicznie.",
            "NOTIFY_SUCCESS": "{}",
            "NOTIFY_SUCCESS_usage": "Dobrze, Twoja prośba o płatność została zrealizowana.",
            "REQ_MORE": "{}",
            "REQ_MORE_usage": "Czy potrzebujesz, żebym ci w czymś jeszcze pomógł?"
        },
        "MakePayment": {
            "REQUEST": "{}",
            "REQUEST_usage": "Możesz potwierdzić kwotę?",
            "CONFIRM": "{}",
            "CONFIRM_usage": "Potwierdź: Chcesz, żebym wysłał Amelii 116 USD z Twojej karty debetowej na osobności.",
            "NOTIFY_SUCCESS": "{}",
            "NOTIFY_SUCCESS_usage": "Pomyślnie dokonałem płatności. Zostanie to odzwierciedlone na koncie odbiorcy.",
            "REQ_MORE": "{}",
            "REQ_MORE_usage": "Czy jest jeszcze coś, w czym mogę Ci pomóc?",
            "GOODBYE": "{}",
            "GOODBYE_usage": "Cieszę się, że mogłem pomóc. Miłego dnia! Do widzenia!"
        }
    },
    "Media_3": {
        "FindMovies": {
            "REQUEST": "{}",
            "REQUEST_usage": "Jaki typ filmów lubisz?",
            "OFFER": "{}",
            "OFFER_usage": "Mam dla was 1 film. Co powiecie na Stalowe magnolie?",
            "INFORM_COUNT": "{}",
            "INFORM_COUNT_usage": "Mam dla was 1 film. Co powiecie na Stalowe magnolie?",
            "REQ_MORE": "{}",
            "REQ_MORE_usage": "Ok, czy jest jeszcze coś, w czym chciałbyś, żebym ci pomógł?",
            "NOTIFY_FAILURE": "{}",
            "NOTIFY_FAILURE_usage": "Nie mogłem znaleźć innych filmów. W czym jeszcze mogę Ci pomóc?",
            "CONFIRM": "{}",
            "CONFIRM_usage": "Sprawdź szczegóły i potwierdź je. Drzwi Playing Stage z napisami w języku francuskim."
        },
        "PlayMovie": {
            "CONFIRM": "{}",
            "CONFIRM_usage": "Zagraj w Steel Magnolias z napisami po francusku. Mam rację?",
            "NOTIFY_SUCCESS": "{}",
            "NOTIFY_SUCCESS_usage": "Film jest uruchomiony.",
            "GOODBYE": "{}",
            "GOODBYE_usage": "Miłego dnia.",
            "INFORM": "{}",
            "INFORM_usage": "film jest włączony. elijah wood jest jednym z aktorów",
            "REQ_MORE": "{}",
            "REQ_MORE_usage": "co więcej mogę zrobić?",
            "REQUEST": "{}",
            "REQUEST_usage": "Szukasz jakiegoś konkretnego filmu?",
            "NOTIFY_FAILURE": "{}",
            "NOTIFY_FAILURE_usage": "Przepraszamy, nie udało mi się odtworzyć Twojego filmu. Czy mógłbym ci pomóc w inny sposób?"
        }
    },
    "Music_3": {
        "LookupMusic": {
            "OFFER": "{}",
            "OFFER_usage": "Co sądzisz o albumie Where We Come From zespołu Popcaan i piosence Everything Nice?",
            "CONFIRM": "{}",
            "CONFIRM_usage": "Odtwórz piosenkę Everything Nice in Living room. Czy to w porządku?",
            "INFORM_COUNT": "{}",
            "INFORM_COUNT_usage": "Znalazłem 1 piosenkę Pavni Pandey. Chcesz posłuchać Laili Main Laila z jej albumu Raees?",
            "INFORM": "{}",
            "INFORM_usage": "To piosenka z Azji Południowej.",
            "REQ_MORE": "{}",
            "REQ_MORE_usage": "W czym jeszcze mogę Ci pomóc?",
            "NOTIFY_FAILURE": "{}",
            "NOTIFY_FAILURE_usage": "Przepraszamy, ale nie ma innej piosenki, która spełniałaby Twoje wymagania. Czy mogę jeszcze w czymś pomóc?"
        },
        "PlayMedia": {
            "INFORM": "{}",
            "INFORM_usage": "To jest piosenka reggae. Ciesz się nią!",
            "NOTIFY_SUCCESS": "{}",
            "NOTIFY_SUCCESS_usage": "To jest piosenka reggae. Ciesz się nią!",
            "CONFIRM": "{}",
            "CONFIRM_usage": "potwierdź następną operację: Odtworzę piosenkę chory jak ja w kuchni",
            "GOODBYE": "{}",
            "GOODBYE_usage": "Miłego dnia.",
            "REQ_MORE": "{}",
            "REQ_MORE_usage": "Czy mogę być bardziej pomocny?"
        }
    },
    "Homes_2": {
        "ScheduleVisit": {
            "REQUEST": "{}",
            "REQUEST_usage": "Który obiekt i kiedy chcesz odwiedzić?",
            "CONFIRM": "{}",
            "CONFIRM_usage": "Proszę potwierdzić: Planowanie wizyty w Tiburon 6 lyford, Llc na 3 marca",
            "NOTIFY_SUCCESS": "{}",
            "NOTIFY_SUCCESS_usage": "Twoja wizyta jest zaplanowana.",
            "INFORM": "{}",
            "INFORM_usage": "Znajduje się pod adresem 6 Lyford Drive, Belvedere, a numer to 855-553-0652",
            "GOODBYE": "{}",
            "GOODBYE_usage": "miłego dnia!",
            "REQ_MORE": "{}",
            "REQ_MORE_usage": "Czy jest jeszcze coś, w czym mogę Ci pomóc?"
        },
        "FindHomeByArea": {
            "REQUEST": "{}",
            "REQUEST_usage": "Chcesz wynająć czy kupić? Ile kąpieli byś chciał?",
            "OFFER": "{}",
            "OFFER_usage": "Country Sharon Apartments posiada miejsca do wynajęcia. Znajdują się one pod adresem Sharon Road 2225. Zaczynają się od 4050 $.",
            "INFORM": "{}",
            "INFORM_usage": "W domu nie ma pralek.",
            "INFORM_COUNT": "{}",
            "INFORM_COUNT_usage": "Jest 6 pasujących domów. Bermuda Garden Apartments przy 1475 167th Avenue ma bardzo dobrą nieruchomość, która kosztuje 3 200 000 $.",
            "REQ_MORE": "{}",
            "REQ_MORE_usage": "Co jeszcze mogę dla ciebie zrobić?",
            "CONFIRM": "{}",
            "CONFIRM_usage": "Wizyta w 1901 Shoreline Apartments zostanie zaplanowana na 2 marca, zgadza się?"
        }
    },
    "Trains_1": {
        "FindTrains": {
            "REQUEST": "{}",
            "REQUEST_usage": "W jakim terminie chcesz podróżować? z jakiego miasta chcesz wyjechać i do jakiego miasta planujesz pojechać?",
            "OFFER": "{}",
            "OFFER_usage": "Istnieją 4 pociągi, które odpowiadają Twoim potrzebom. odlatuje o 6:30 i kosztuje łącznie 123 USD.",
            "INFORM_COUNT": "{}",
            "INFORM_COUNT_usage": "Istnieją 4 pociągi, które odpowiadają Twoim potrzebom. odlatuje o 6:30 i kosztuje łącznie 123 USD.",
            "INFORM": "{}",
            "INFORM_usage": "Pociąg odjeżdża z Anaheim Intermodal Center i przyjeżdża na stację Phoenix Union.",
            "REQ_MORE": "{}",
            "REQ_MORE_usage": "Czy coś jeszcze muszę szukać?",
            "GOODBYE": "{}",
            "GOODBYE_usage": "cześć, miłego dnia.",
            "CONFIRM": "{}",
            "CONFIRM_usage": "Potwierdź, że chcesz 1 bilet Value z Nowego Jorku do Waszyngtonu na pociąg, który odjeżdża 12 marca o 7:20."
        },
        "GetTrainTickets": {
            "REQUEST": "{}",
            "REQUEST_usage": "Ile chcesz biletów?",
            "CONFIRM": "{}",
            "CONFIRM_usage": "Rezerwacja 1 biletu wartościowego z Waszyngtonu do Chicago 6 marca o 9:40.",
            "NOTIFY_SUCCESS": "{}",
            "NOTIFY_SUCCESS_usage": "Twój bilet został zarezerwowany.",
            "GOODBYE": "{}",
            "GOODBYE_usage": "Miłego dnia.",
            "INFORM": "{}",
            "INFORM_usage": "Pomyślnie dokonałem rezerwacji. Pociąg odjeżdża z Union Station.",
            "REQ_MORE": "{}",
            "REQ_MORE_usage": "Czy jest coś jeszcze, co mogę dla ciebie zrobić?"
        }
    },
    "RentalCars_3": {
        "GetCarsAvailable": {
            "REQUEST": "{}",
            "REQUEST_usage": "Jaki będzie Twój termin wyjazdu?",
            "OFFER": "{}",
            "OFFER_usage": "Co powiesz na ładnego hatchbacka Fiata Pandę do odbioru z międzynarodowego lotniska Kingsford Smith.",
            "INFORM": "{}",
            "INFORM_usage": "Opłata za dzień wynosi 24,00 USD.",
            "CONFIRM": "{}",
            "CONFIRM_usage": "Proszę potwierdzić: Chcesz, żebym zarezerwował hatchback dostępny do odbioru z międzynarodowego lotniska Kingsford Smith 11 marca o 18:00 z datą zwrotu 12 marca.",
            "INFORM_COUNT": "{}",
            "INFORM_COUNT_usage": "Dostępnych jest 6 samochodów. Co powiesz na Audi A8 sedan na lotnisku LGB?",
            "REQ_MORE": "{}",
            "REQ_MORE_usage": "Czy potrzebujesz czegoś innego?",
            "GOODBYE": "{}",
            "GOODBYE_usage": "Miłego dnia!"
        },
        "ReserveCar": {
            "INFORM": "{}",
            "INFORM_usage": "Z powodzeniem zarezerwowałem twój samochód i jego koszt dnia wynosi 34,00 USD.",
            "NOTIFY_SUCCESS": "{}",
            "NOTIFY_SUCCESS_usage": "Z powodzeniem zarezerwowałem twój samochód i jego koszt dnia wynosi 34,00 USD.",
            "REQ_MORE": "{}",
            "REQ_MORE_usage": "Czy mogę jeszcze w czymś pomóc?",
            "GOODBYE": "{}",
            "GOODBYE_usage": "Cieszę się, że mogłem pomóc. Miłego dnia!",
            "REQUEST": "{}",
            "REQUEST_usage": "Czy chcesz dołączyć ubezpieczenie?",
            "CONFIRM": "{}",
            "CONFIRM_usage": "Okay, chcesz SUV-a z lotniska LGB 9 marca o 10:30 do 11 marca bez ubezpieczenia, zgadza się?",
            "NOTIFY_FAILURE": "{}",
            "NOTIFY_FAILURE_usage": "Rezerwacja nie powiodła się. W czymś jeszcze mogę Ci pomóc?",
            "OFFER": "{}",
            "OFFER_usage": "Coś się stało. Tymi detalami nie mogłem zabezpieczyć pojazdu. W Anaheim Intermodal Center dostępna jest Mazda 3, którą można odebrać 4 marca. Opłata za ten samochód wynosi 26 dolarów dziennie."
        }
    },
    "Movies_3": {
        "FindMovies": {
            "OFFER": "{}",
            "OFFER_usage": "Madeline's Madeline ma 88 procent oceny.",
            "REQ_MORE": "{}",
            "REQ_MORE_usage": "Potrzebujesz czegoś jeszcze?",
            "GOODBYE": "{}",
            "GOODBYE_usage": "Miłego dnia.",
            "INFORM_COUNT": "{}",
            "INFORM_COUNT_usage": "chętnie pomogę. Mam 10 filmów, które mogą Cię zainteresować. Czy mogę polecić Wiernego człowieka? To dobrze oceniany film ze średnią ocen na poziomie 78 proc.",
            "INFORM": "{}",
            "INFORM_usage": "Tak, Louis Garrel wyreżyserował film.",
            "NOTIFY_FAILURE": "{}",
            "NOTIFY_FAILURE_usage": "Z przykrością informuję, że nie, nie udało mi się znaleźć niczego innego spełniającego te kryteria. Czy mogę ci pomóc w czymś jeszcze?"
        }
    },
    "Messaging_1": {
        "ShareLocation": {
            "REQUEST": "{}",
            "REQUEST_usage": "Czy chcesz udostępnić lokalizację Międzynarodowy port lotniczy Heathrow?",
            "CONFIRM": "{}",
            "CONFIRM_usage": "Potwierdź, że chcesz udostępnić lokalizację międzynarodowego lotniska Heathrow Patricii.",
            "NOTIFY_SUCCESS": "{}",
            "NOTIFY_SUCCESS_usage": "Lokalizacja została udostępniona.",
            "GOODBYE": "{}",
            "GOODBYE_usage": "Nie ma za co! Ciesz się dniem!",
            "REQ_MORE": "{}",
            "REQ_MORE_usage": "Chcesz coś jeszcze ode mnie?"
        }
    }
}